Video Name,Scenario Level 1,Scenario Level 2,Source
00000.mp4,Driving in Lane,PV cut-in,R1_R2_Match
00004.mp4,Leaving Lane,PV @ target lane,R1_R2_Match
00007.mp4,Leaving Lane,PV @ target lane,R1_R2_Match
00008.mp4,Leaving Lane,PV @ target lane,R1_R2_Match
00010.mp4,Leaving Lane,PV @ target lane,R1_R2_Match
00017.mp4,Driving in Lane,PV stopped,R1_R2_Match
00021.mp4,Driving in Lane,PV stopped,R1_R2_Match
00022.mp4,Driving in Lane,PV cut-in,R1_R2_Match
00024.mp4,Leaving Lane,PV @ target lane,R1_R2_Match
00025.mp4,Driving in Lane,PV cut-in,R1_R2_Match
00028.mp4,Driving in Lane,PV stopped,R1_R2_Match
00031.mp4,Driving in Lane,PV cut-in,R1_R2_Match
00032.mp4,Driving in Lane,PV cut-in,R1_R2_Match
00040.mp4,Straight at intersection,Other vehicle approaching from side,R1_R2_Match
00043.mp4,Driving in Lane,PV cut-in,R1_R2_Match
00044.mp4,Straight at intersection,Other vehicle approaching from side,R1_R2_Match
00055.mp4,Driving in Lane,PV stopped,R1_R2_Match
00056.mp4,Straight at intersection,Other vehicle approaching from side,R1_R2_Match
00057.mp4,Driving in Lane,PV stopped,R1_R2_Match
00058.mp4,Turning at intersection,PV Slower / Braking / Stopped,R1_R2_Match
00059.mp4,Leaving Lane,PV @ target lane,R1_R2_Match
00060.mp4,Driving in Lane,PV stopped,R1_R2_Match
00061.mp4,Driving in Lane,PV cut-in,R1_R2_Match
00062.mp4,Straight at intersection,Other vehicle approaching from side,R1_R2_Match
00065.mp4,Driving in Lane,PV stopped,R1_R2_Match
00066.mp4,Straight at intersection,Other vehicle approaching from side,R1_R2_Match
00068.mp4,Driving in Lane,PV stopped,R1_R2_Match
00074.mp4,Turning at intersection,PV Slower / Braking / Stopped,R1_R2_Match
00079.mp4,Turning at intersection,PV Slower / Braking / Stopped,R1_R2_Match
00082.mp4,Driving in Lane,PV cut-in,R1_R2_Match
00084.mp4,Driving in Lane,PV cut-in,R1_R2_Match
00086.mp4,Driving in Lane,PV braking / slower,R1_R2_Match
00089.mp4,Straight at intersection,Other vehicle approaching from side,R1_R2_Match
00096.mp4,Driving in Lane,PV cut-in,R1_R2_Match
00100.mp4,Driving in Lane,PV cut-in,R1_R2_Match
00102.mp4,Driving in Lane,PV stopped,R1_R2_Match
00103.mp4,Straight at intersection,Other vehicle approaching from side,R1_R2_Match
00104.mp4,Driving in Lane,PV stopped,R1_R2_Match
00105.mp4,Straight at intersection,Other vehicle approaching from side,R1_R2_Match
00109.mp4,Driving in Lane,PV stopped,R1_R2_Match
00112.mp4,Turning at intersection,PV Slower / Braking / Stopped,R1_R2_Match
00118.mp4,Driving in Lane,PV stopped,R1_R2_Match
00121.mp4,Driving in Lane,PV cut-in,R1_R2_Match
00122.mp4,Straight at intersection,Other vehicle approaching from side,R1_R2_Match
00123.mp4,Driving in Lane,PV cut-in,R1_R2_Match
00125.mp4,Straight at intersection,Other vehicle approaching from side,R1_R2_Match
00127.mp4,Straight at intersection,Other vehicle approaching from front / opposite,R1_R2_Match
00128.mp4,Driving in Lane,PV cut-in,R1_R2_Match
00129.mp4,Driving in Lane,PV cut-in,R1_R2_Match
00130.mp4,Driving in Lane,PV stopped,R1_R2_Match
00131.mp4,Straight at intersection,Other vehicle approaching from side,R1_R2_Match
00132.mp4,Straight at intersection,Other vehicle approaching from side,R1_R2_Match
00136.mp4,Driving in Lane,PV cut-in,R1_R2_Match
00143.mp4,Straight at intersection,Other vehicle approaching from side,R1_R2_Match
00144.mp4,Driving in Lane,PV stopped,R1_R2_Match
00145.mp4,Driving in Lane,PV stopped,R1_R2_Match
00149.mp4,Driving in Lane,PV stopped,R1_R2_Match
00151.mp4,Driving in Lane,PV stopped,R1_R2_Match
00157.mp4,Driving in Lane,PV cut-in,R1_R2_Match
00160.mp4,Driving in Lane,PV stopped,R1_R2_Match
00163.mp4,Driving in Lane,Other,R1_R2_Match
00166.mp4,Straight at intersection,Other vehicle approaching from side,R1_R2_Match
00168.mp4,Straight at intersection,Other vehicle approaching from front / opposite,R1_R2_Match
00171.mp4,Driving in Lane,PV braking / slower,R1_R2_Match
00173.mp4,Driving in Lane,PV stopped,R1_R2_Match
00174.mp4,Turning at intersection,PV Slower / Braking / Stopped,R1_R2_Match
00175.mp4,Driving in Lane,PV cut-in,R1_R2_Match
00180.mp4,Driving in Lane,PV cut-in,R1_R2_Match
00183.mp4,Driving in Lane,PV cut-in,R1_R2_Match
00188.mp4,Straight at intersection,Other vehicle approaching from side,R1_R2_Match
00189.mp4,Driving in Lane,PV stopped,R1_R2_Match
00190.mp4,Driving in Lane,PV cut-in,R1_R2_Match
00192.mp4,Straight at intersection,Other vehicle approaching from side,R1_R2_Match
00195.mp4,Turning at intersection,Other vehicle approaching from front / opposite,R1_R2_Match
00199.mp4,Straight at intersection,Other vehicle approaching from side,R1_R2_Match
00202.mp4,Driving in Lane,PV cut-in,R1_R2_Match
00206.mp4,Other,Add Comment,R1_R2_Match
00207.mp4,Driving in Lane,PV cut-in,R1_R2_Match
00208.mp4,Straight at intersection,Other vehicle approaching from front / opposite,R1_R2_Match
00210.mp4,Turning at intersection,Other vehicle approaching from side,R1_R2_Match
00213.mp4,Driving in Lane,PV stopped,R1_R2_Match
00214.mp4,Turning at intersection,Other vehicle on the adjacent lane,R1_R2_Match
00216.mp4,Turning at intersection,Other vehicle approaching from front / opposite,R1_R2_Match
00217.mp4,Turning at intersection,Other vehicle on the adjacent lane,R1_R2_Match
00218.mp4,Driving in Lane,PV cut-in,R1_R2_Match
00222.mp4,Turning at intersection,PV Slower / Braking / Stopped,R1_R2_Match
00223.mp4,Turning at intersection,Other vehicle on the adjacent lane,R1_R2_Match
00224.mp4,Driving in Lane,PV stopped,R1_R2_Match
00226.mp4,Driving in Lane,PV stopped,R1_R2_Match
00227.mp4,Driving in Lane,PV stopped,R1_R2_Match
00232.mp4,Straight at intersection,Other vehicle approaching from side,R1_R2_Match
00233.mp4,Turning at intersection,PV Slower / Braking / Stopped,R1_R2_Match
00234.mp4,Driving in Lane,PV stopped,R1_R2_Match
00236.mp4,Driving in Lane,PV stopped,R1_R2_Match
00237.mp4,Driving in Lane,PV stopped,R1_R2_Match
00238.mp4,Driving in Lane,PV stopped,R1_R2_Match
00242.mp4,Driving in Lane,PV cut-in,R1_R2_Match
00244.mp4,Turning at intersection,Other vehicle approaching from front / opposite,R1_R2_Match
00245.mp4,Driving in Lane,PV cut-in,R1_R2_Match
00247.mp4,Driving in Lane,PV cut-in,R1_R2_Match
00251.mp4,Driving in Lane,PV cut-in,R1_R2_Match
00252.mp4,Driving in Lane,PV cut-in,R1_R2_Match
00254.mp4,Straight at intersection,Other vehicle on the adjacent lane,R1_R2_Match
00255.mp4,Driving in Lane,PV stopped,R1_R2_Match
00259.mp4,Leaving Lane,PV @ target lane,R1_R2_Match
00264.mp4,Driving in Lane,PV cut-in,R1_R2_Match
00266.mp4,Driving in Lane,PV braking / slower,R1_R2_Match
00270.mp4,Leaving Lane,PV @ target lane,R1_R2_Match
00271.mp4,Driving in Lane,PV cut-in,R1_R2_Match
00272.mp4,Driving in Lane,PV cut-in,R1_R2_Match
00273.mp4,Straight at intersection,Other vehicle on the adjacent lane,R1_R2_Match
00275.mp4,Driving in Lane,PV braking / slower,R1_R2_Match
00285.mp4,Leaving Lane,PV @ target lane,R1_R2_Match
00286.mp4,Turning at intersection,PV Slower / Braking / Stopped,R1_R2_Match
00291.mp4,Driving in Lane,PV cut-in,R1_R2_Match
00294.mp4,Driving in Lane,PV braking / slower,R1_R2_Match
00295.mp4,Driving in Lane,PV cut-in,R1_R2_Match
00298.mp4,Driving in Lane,PV braking / slower,R1_R2_Match
00300.mp4,Driving in Lane,PV braking / slower,R1_R2_Match
00301.mp4,Driving in Lane,PV cut-in,R1_R2_Match
00303.mp4,Straight at intersection,Other vehicle approaching from front / opposite,R1_R2_Match
00307.mp4,Driving in Lane,PV braking / slower,R1_R2_Match
00310.mp4,Straight at intersection,Other vehicle approaching from side,R1_R2_Match
00311.mp4,Driving in Lane,PV stopped,R1_R2_Match
00312.mp4,Driving in Lane,PV stopped,R1_R2_Match
00313.mp4,Straight at intersection,Other vehicle approaching from side,R1_R2_Match
00317.mp4,Driving in Lane,PV braking / slower,R1_R2_Match
00319.mp4,Straight at intersection,Other vehicle approaching from side,R1_R2_Match
00320.mp4,Other,Add Comment,R1_R2_Match
00321.mp4,Straight at intersection,Other vehicle approaching from side,R1_R2_Match
00324.mp4,Turning at intersection,Other vehicle approaching from side,R1_R2_Match
00325.mp4,Driving in Lane,PV braking / slower,R1_R2_Match
00327.mp4,Driving in Lane,PV stopped,R1_R2_Match
00328.mp4,Straight at intersection,Other vehicle on the adjacent lane,R1_R2_Match
00329.mp4,Driving in Lane,PV stopped,R1_R2_Match
00330.mp4,Straight at intersection,Other vehicle approaching from side,R1_R2_Match
00331.mp4,Turning at intersection,PV Slower / Braking / Stopped,R1_R2_Match
00332.mp4,Straight at intersection,Other vehicle approaching from front / opposite,R1_R2_Match
00333.mp4,Driving in Lane,PV stopped,R1_R2_Match
00334.mp4,Driving in Lane,PV cut-in,R1_R2_Match
00335.mp4,Driving in Lane,PV cut-in,R1_R2_Match
00339.mp4,Driving in Lane,PV braking / slower,R1_R2_Match
00340.mp4,Driving in Lane,PV cut-in,R1_R2_Match
00345.mp4,Straight at intersection,Other vehicle approaching from side,R1_R2_Match
00348.mp4,Straight at intersection,Other vehicle approaching from front / opposite,R1_R2_Match
00355.mp4,Straight at intersection,Other vehicle approaching from side,R1_R2_Match
00356.mp4,Turning at intersection,Other vehicle approaching from front / opposite,R1_R2_Match
00358.mp4,Driving in Lane,PV braking / slower,R1_R2_Match
00360.mp4,Turning at intersection,Other vehicle approaching from side,R1_R2_Match
00364.mp4,Driving in Lane,PV braking / slower,R1_R2_Match
00366.mp4,Driving in Lane,PV stopped,R1_R2_Match
00369.mp4,Straight at intersection,Other vehicle approaching from side,R1_R2_Match
00371.mp4,Straight at intersection,Other vehicle approaching from side,R1_R2_Match
00375.mp4,Turning at intersection,PV Slower / Braking / Stopped,R1_R2_Match
00382.mp4,Leaving Lane,PV @ target lane,R1_R2_Match
00388.mp4,Straight at intersection,Other vehicle approaching from side,R1_R2_Match
00391.mp4,Driving in Lane,Other,R1_R2_Match
00392.mp4,Straight at intersection,Other vehicle approaching from side,R1_R2_Match
00393.mp4,Driving in Lane,PV stopped,R1_R2_Match
00394.mp4,Turning at intersection,Other vehicle approaching from side,R1_R2_Match
00395.mp4,Straight at intersection,Other vehicle approaching from side,R1_R2_Match
00397.mp4,Turning at intersection,Other vehicle approaching from front / opposite,R1_R2_Match
00398.mp4,Driving in Lane,PV cut-in,R1_R2_Match
00403.mp4,Turning at intersection,Other vehicle on the adjacent lane,R1_R2_Match
00406.mp4,Turning at intersection,Other vehicle approaching from front / opposite,R1_R2_Match
00407.mp4,Driving in Lane,PV stopped,R1_R2_Match
00408.mp4,Driving in Lane,PV cut-in,R1_R2_Match
00410.mp4,Driving in Lane,PV stopped,R1_R2_Match
00411.mp4,Leaving Lane,SV @ target lane,R1_R2_Match
00413.mp4,Driving in Lane,PV stopped,R1_R2_Match
00416.mp4,Driving in Lane,PV stopped,R1_R2_Match
00417.mp4,Driving in Lane,PV braking / slower,R1_R2_Match
00418.mp4,Driving in Lane,PV stopped,R1_R2_Match
00422.mp4,Driving in Lane,PV cut-in,R1_R2_Match
00423.mp4,Leaving Lane,SV @ target lane,R1_R2_Match
00424.mp4,Turning at intersection,PV Slower / Braking / Stopped,R1_R2_Match
00426.mp4,Driving in Lane,PV stopped,R1_R2_Match
00428.mp4,Turning at intersection,PV Slower / Braking / Stopped,R1_R2_Match
00434.mp4,Straight at intersection,Other vehicle approaching from side,R1_R2_Match
00435.mp4,Straight at intersection,Other vehicle approaching from side,R1_R2_Match
00437.mp4,Driving in Lane,PV stopped,R1_R2_Match
00440.mp4,Turning at intersection,PV Slower / Braking / Stopped,R1_R2_Match
00441.mp4,Driving in Lane,PV stopped,R1_R2_Match
00444.mp4,Driving in Lane,PV stopped,R1_R2_Match
00447.mp4,Turning at intersection,Other vehicle on the adjacent lane,R1_R2_Match
00449.mp4,Turning at intersection,Other vehicle approaching from side,R1_R2_Match
00450.mp4,Driving in Lane,PV stopped,R1_R2_Match
00452.mp4,Turning at intersection,PV Slower / Braking / Stopped,R1_R2_Match
00454.mp4,Leaving Lane,PV @ target lane,R1_R2_Match
00455.mp4,Driving in Lane,PV cut-in,R1_R2_Match
00456.mp4,Driving in Lane,PV cut-in,R1_R2_Match
00458.mp4,Straight at intersection,PV Slower / Braking / Stopped,R1_R2_Match
00461.mp4,Driving in Lane,PV braking / slower,R1_R2_Match
00464.mp4,Driving in Lane,PV cut-in,R1_R2_Match
00469.mp4,Driving in Lane,PV cut-in,R1_R2_Match
00471.mp4,Driving in Lane,PV braking / slower,R1_R2_Match
00473.mp4,Driving in Lane,PV braking / slower,R1_R2_Match
00474.mp4,Driving in Lane,PV cut-in,R1_R2_Match
00479.mp4,Straight at intersection,Other vehicle approaching from side,R1_R2_Match
00480.mp4,Driving in Lane,PV stopped,R1_R2_Match
00481.mp4,Straight at intersection,Other vehicle approaching from side,R1_R2_Match
00485.mp4,Leaving Lane,PV @ target lane,R1_R2_Match
00486.mp4,Driving in Lane,PV stopped,R1_R2_Match
00487.mp4,Straight at intersection,Other vehicle approaching from side,R1_R2_Match
00488.mp4,Other,Add Comment,R1_R2_Match
00493.mp4,Leaving Lane,PV @ target lane,R1_R2_Match
00494.mp4,Turning at intersection,PV Slower / Braking / Stopped,R1_R2_Match
00495.mp4,Driving in Lane,PV stopped,R1_R2_Match
00496.mp4,Straight at intersection,PV Slower / Braking / Stopped,R1_R2_Match
00498.mp4,Turning at intersection,PV Slower / Braking / Stopped,R1_R2_Match
00500.mp4,Driving in Lane,PV stopped,R1_R2_Match
00501.mp4,Straight at intersection,PV Slower / Braking / Stopped,R1_R2_Match
00503.mp4,Driving in Lane,PV stopped,R1_R2_Match
00506.mp4,Straight at intersection,Other vehicle approaching from side,R1_R2_Match
00512.mp4,Driving in Lane,PV cut-in,R1_R2_Match
00517.mp4,Straight at intersection,Other vehicle approaching from side,R1_R2_Match
00520.mp4,Straight at intersection,Other vehicle approaching from side,R1_R2_Match
00521.mp4,Turning at intersection,PV Slower / Braking / Stopped,R1_R2_Match
00522.mp4,Driving in Lane,PV cut-in,R1_R2_Match
00523.mp4,Driving in Lane,PV cut-in,R1_R2_Match
00526.mp4,Turning at intersection,Other vehicle approaching from front / opposite,R1_R2_Match
00527.mp4,Driving in Lane,PV stopped,R1_R2_Match
00528.mp4,Driving in Lane,PV stopped,R1_R2_Match
00530.mp4,Driving in Lane,PV cut-in,R1_R2_Match
00534.mp4,Driving in Lane,PV stopped,R1_R2_Match
00537.mp4,Straight at intersection,Other vehicle approaching from side,R1_R2_Match
00540.mp4,Straight at intersection,Other vehicle approaching from side,R1_R2_Match
00542.mp4,Straight at intersection,Other vehicle approaching from side,R1_R2_Match
00543.mp4,Driving in Lane,PV stopped,R1_R2_Match
00544.mp4,Driving in Lane,PV stopped,R1_R2_Match
00547.mp4,Driving in Lane,PV stopped,R1_R2_Match
00549.mp4,Straight at intersection,Other vehicle approaching from side,R1_R2_Match
00550.mp4,Driving in Lane,PV stopped,R1_R2_Match
00553.mp4,Straight at intersection,Other vehicle approaching from front / opposite,R1_R2_Match
00556.mp4,Straight at intersection,Other vehicle approaching from side,R1_R2_Match
00557.mp4,Driving in Lane,PV cut-in,R1_R2_Match
00560.mp4,Driving in Lane,PV cut-in,R1_R2_Match
00562.mp4,Driving in Lane,PV cut-in,R1_R2_Match
00564.mp4,Driving in Lane,PV stopped,R1_R2_Match
00567.mp4,Driving in Lane,PV cut-in,R1_R2_Match
00570.mp4,Driving in Lane,PV cut-in,R1_R2_Match
00573.mp4,Driving in Lane,PV cut-in,R1_R2_Match
00574.mp4,Driving in Lane,PV cut-in,R1_R2_Match
00577.mp4,Driving in Lane,PV cut-in,R1_R2_Match
00579.mp4,Driving in Lane,PV cut-in,R1_R2_Match
00580.mp4,Driving in Lane,Oncoming vehicle,R1_R2_Match
00583.mp4,Driving in Lane,PV braking / slower,R1_R2_Match
00585.mp4,Driving in Lane,PV cut-in,R1_R2_Match
00586.mp4,Driving in Lane,PV stopped,R1_R2_Match
00587.mp4,Driving in Lane,PV cut-in,R1_R2_Match
00588.mp4,Driving in Lane,PV cut-in,R1_R2_Match
00590.mp4,Driving in Lane,PV braking / slower,R1_R2_Match
00596.mp4,Driving in Lane,PV cut-in,R1_R2_Match
00599.mp4,Driving in Lane,PV stopped,R1_R2_Match
00600.mp4,Driving in Lane,PV stopped,R1_R2_Match
00601.mp4,Driving in Lane,PV stopped,R1_R2_Match
00602.mp4,Driving in Lane,PV cut-in,R1_R2_Match
00603.mp4,Driving in Lane,PV cut-in,R1_R2_Match
00605.mp4,Straight at intersection,Other vehicle approaching from side,R1_R2_Match
00607.mp4,Driving in Lane,PV cut-out,R1_R2_Match
00608.mp4,Driving in Lane,PV stopped,R1_R2_Match
00610.mp4,Driving in Lane,PV cut-in,R1_R2_Match
00613.mp4,Driving in Lane,PV cut-in,R1_R2_Match
00617.mp4,Driving in Lane,PV cut-in,R1_R2_Match
00618.mp4,Driving in Lane,PV cut-in,R1_R2_Match
00622.mp4,Driving in Lane,PV braking / slower,R1_R2_Match
00624.mp4,Straight at intersection,Other vehicle approaching from side,R1_R2_Match
00625.mp4,Driving in Lane,Other,R1_R2_Match
00629.mp4,Turning at intersection,Other vehicle approaching from front / opposite,R1_R2_Match
00633.mp4,Driving in Lane,PV cut-in,R1_R2_Match
00634.mp4,Straight at intersection,Other vehicle approaching from side,R1_R2_Match
00637.mp4,Driving in Lane,PV cut-in,R1_R2_Match
00639.mp4,Driving in Lane,PV braking / slower,R1_R2_Match
00640.mp4,Driving in Lane,PV cut-in,R1_R2_Match
00641.mp4,Driving in Lane,PV stopped,R1_R2_Match
00642.mp4,Turning at intersection,PV Slower / Braking / Stopped,R1_R2_Match
00644.mp4,Driving in Lane,PV cut-in,R1_R2_Match
00647.mp4,Driving in Lane,PV cut-in,R1_R2_Match
00653.mp4,Driving in Lane,PV cut-in,R1_R2_Match
00655.mp4,Turning at intersection,Other vehicle approaching from side,R1_R2_Match
00657.mp4,Straight at intersection,Other vehicle approaching from front / opposite,R1_R2_Match
00658.mp4,Driving in Lane,PV cut-in,R1_R2_Match
00660.mp4,Driving in Lane,PV cut-in,R1_R2_Match
00663.mp4,Leaving Lane,SV @ target lane,R1_R2_Match
00664.mp4,Driving in Lane,PV cut-in,R1_R2_Match
00665.mp4,Turning at intersection,PV Slower / Braking / Stopped,R1_R2_Match
00668.mp4,Driving in Lane,PV cut-in,R1_R2_Match
00669.mp4,Straight at intersection,Other,R1_R2_Match
00673.mp4,Straight at intersection,Other vehicle approaching from side,R1_R2_Match
00675.mp4,Driving in Lane,PV cut-in,R1_R2_Match
00677.mp4,Straight at intersection,Other vehicle on the adjacent lane,R1_R2_Match
00683.mp4,Driving in Lane,Oncoming vehicle,R1_R2_Match
00684.mp4,Driving in Lane,PV cut-in,R1_R2_Match
00686.mp4,Driving in Lane,PV cut-in,R1_R2_Match
00687.mp4,Turning at intersection,Other vehicle on the adjacent lane,R1_R2_Match
00688.mp4,Straight at intersection,PV Slower / Braking / Stopped,R1_R2_Match
00690.mp4,Straight at intersection,Other vehicle approaching from front / opposite,R1_R2_Match
00691.mp4,Driving in Lane,PV braking / slower,R1_R2_Match
00692.mp4,Driving in Lane,PV braking / slower,R1_R2_Match
00693.mp4,Driving in Lane,Other,R1_R2_Match
00694.mp4,Turning at intersection,PV Slower / Braking / Stopped,R1_R2_Match
00695.mp4,Turning at intersection,Other vehicle on the adjacent lane,R1_R2_Match
00696.mp4,Straight at intersection,PV Slower / Braking / Stopped,R1_R2_Match
00698.mp4,Driving in Lane,PV cut-in,R1_R2_Match
00699.mp4,Leaving Lane,SV @ target lane,R1_R2_Match
00700.mp4,Driving in Lane,PV cut-in,R1_R2_Match
00701.mp4,Driving in Lane,PV cut-in,R1_R2_Match
00703.mp4,Driving in Lane,PV braking / slower,R1_R2_Match
00704.mp4,Driving in Lane,PV cut-in,R1_R2_Match
00705.mp4,Driving in Lane,PV cut-in,R1_R2_Match
00707.mp4,Driving in Lane,PV cut-in,R1_R2_Match
00709.mp4,Straight at intersection,Other vehicle approaching from side,R1_R2_Match
00712.mp4,Straight at intersection,Other vehicle approaching from side,R1_R2_Match
00713.mp4,Driving in Lane,PV cut-in,R1_R2_Match
00714.mp4,Driving in Lane,PV cut-in,R1_R2_Match
00719.mp4,Turning at intersection,PV Slower / Braking / Stopped,R1_R2_Match
00722.mp4,Driving in Lane,PV stopped,R1_R2_Match
00725.mp4,Driving in Lane,PV braking / slower,R1_R2_Match
00727.mp4,Straight at intersection,Other vehicle approaching from side,R1_R2_Match
00730.mp4,Driving in Lane,PV cut-in,R1_R2_Match
00731.mp4,Driving in Lane,PV stopped,R1_R2_Match
00735.mp4,Driving in Lane,PV cut-in,R1_R2_Match
00737.mp4,Straight at intersection,Other vehicle approaching from side,R1_R2_Match
00739.mp4,Driving in Lane,PV cut-in,R1_R2_Match
00740.mp4,Straight at intersection,Other vehicle approaching from side,R1_R2_Match
00741.mp4,Straight at intersection,Other vehicle on the adjacent lane,R1_R2_Match
00744.mp4,Driving in Lane,PV cut-in,R1_R2_Match
00745.mp4,Driving in Lane,PV cut-in,R1_R2_Match
00747.mp4,Driving in Lane,PV cut-in,R1_R2_Match
00748.mp4,Driving in Lane,PV cut-in,R1_R2_Match
00750.mp4,Driving in Lane,PV cut-in,R1_R2_Match
00751.mp4,Straight at intersection,Other vehicle approaching from side,R1_R2_Match
00753.mp4,Leaving Lane,PV @ target lane,R1_R2_Match
00754.mp4,Leaving Lane,PV @ target lane,R1_R2_Match
00755.mp4,Driving in Lane,PV cut-in,R1_R2_Match
00757.mp4,Driving in Lane,PV cut-in,R1_R2_Match
00758.mp4,Driving in Lane,Oncoming vehicle,R1_R2_Match
00761.mp4,Straight at intersection,Other vehicle approaching from side,R1_R2_Match
00762.mp4,Driving in Lane,PV stopped,R1_R2_Match
00763.mp4,Driving in Lane,PV cut-in,R1_R2_Match
00765.mp4,Driving in Lane,PV cut-in,R1_R2_Match
00766.mp4,Straight at intersection,Other vehicle approaching from side,R1_R2_Match
00771.mp4,Turning at intersection,PV Slower / Braking / Stopped,R1_R2_Match
00773.mp4,Driving in Lane,PV cut-in,R1_R2_Match
00774.mp4,Turning at intersection,Other vehicle approaching from front / opposite,R1_R2_Match
00776.mp4,Driving in Lane,PV cut-in,R1_R2_Match
00777.mp4,Driving in Lane,PV braking / slower,R1_R2_Match
00780.mp4,Driving in Lane,PV cut-in,R1_R2_Match
00782.mp4,Turning at intersection,PV Slower / Braking / Stopped,R1_R2_Match
00784.mp4,Driving in Lane,PV braking / slower,R1_R2_Match
00785.mp4,Turning at intersection,Other vehicle approaching from side,R1_R2_Match
00787.mp4,Straight at intersection,PV Slower / Braking / Stopped,R1_R2_Match
00791.mp4,Turning at intersection,PV Slower / Braking / Stopped,R1_R2_Match
00792.mp4,Driving in Lane,PV braking / slower,R1_R2_Match
00793.mp4,Driving in Lane,PV stopped,R1_R2_Match
00802.mp4,Straight at intersection,Other vehicle approaching from side,R1_R2_Match
00803.mp4,Turning at intersection,PV Slower / Braking / Stopped,R1_R2_Match
00809.mp4,Driving in Lane,PV cut-in,R1_R2_Match
00810.mp4,Driving in Lane,PV cut-in,R1_R2_Match
00813.mp4,Driving in Lane,PV cut-in,R1_R2_Match
00816.mp4,Driving in Lane,Oncoming vehicle,R1_R2_Match
00823.mp4,Driving in Lane,Oncoming vehicle,R1_R2_Match
00825.mp4,Turning at intersection,Other vehicle approaching from side,R1_R2_Match
00827.mp4,Other,Add Comment,R1_R2_Match
00828.mp4,Driving in Lane,PV cut-in,R1_R2_Match
00830.mp4,Driving in Lane,PV cut-in,R1_R2_Match
00831.mp4,Driving in Lane,PV cut-in,R1_R2_Match
00832.mp4,Driving in Lane,PV cut-in,R1_R2_Match
00833.mp4,Other,Add Comment,R1_R2_Match
00834.mp4,Driving in Lane,PV stopped,R1_R2_Match
00836.mp4,Driving in Lane,PV cut-in,R1_R2_Match
00838.mp4,Driving in Lane,PV stopped,R1_R2_Match
00840.mp4,Driving in Lane,PV cut-in,R1_R2_Match
00841.mp4,Driving in Lane,PV cut-in,R1_R2_Match
00842.mp4,Driving in Lane,PV cut-in,R1_R2_Match
00846.mp4,Driving in Lane,PV cut-in,R1_R2_Match
00849.mp4,Straight at intersection,Other vehicle approaching from side,R1_R2_Match
00851.mp4,Driving in Lane,PV cut-in,R1_R2_Match
00854.mp4,Driving in Lane,PV cut-in,R1_R2_Match
00856.mp4,Driving in Lane,PV cut-in,R1_R2_Match
00857.mp4,Driving in Lane,PV cut-in,R1_R2_Match
00859.mp4,Driving in Lane,PV cut-in,R1_R2_Match
00861.mp4,Driving in Lane,PV cut-in,R1_R2_Match
00863.mp4,Driving in Lane,PV cut-in,R1_R2_Match
00867.mp4,Driving in Lane,PV cut-in,R1_R2_Match
00872.mp4,Driving in Lane,PV cut-in,R1_R2_Match
00873.mp4,Straight at intersection,Other vehicle approaching from side,R1_R2_Match
00874.mp4,Driving in Lane,PV stopped,R1_R2_Match
00876.mp4,Driving in Lane,PV cut-in,R1_R2_Match
00877.mp4,Driving in Lane,PV cut-in,R1_R2_Match
00879.mp4,Driving in Lane,PV cut-in,R1_R2_Match
00880.mp4,Driving in Lane,PV cut-in,R1_R2_Match
00881.mp4,Driving in Lane,PV cut-in,R1_R2_Match
00882.mp4,Driving in Lane,PV stopped,R1_R2_Match
00884.mp4,Straight at intersection,Other vehicle approaching from side,R1_R2_Match
00804.mp4,Driving in Lane,PV cut-in,R1_R2_Match
00885.mp4,Straight at intersection,Other vehicle approaching from front / opposite,R1_R2_Match
00887.mp4,Driving in Lane,PV cut-in,R1_R2_Match
00888.mp4,Driving in Lane,PV cut-in,R1_R2_Match
00890.mp4,Straight at intersection,Other vehicle approaching from front / opposite,R1_R2_Match
00891.mp4,Driving in Lane,PV cut-in,R1_R2_Match
00895.mp4,Straight at intersection,Other vehicle approaching from front / opposite,R1_R2_Match
00898.mp4,Driving in Lane,PV cut-in,R1_R2_Match
00901.mp4,Driving in Lane,PV cut-in,R1_R2_Match
00902.mp4,Straight at intersection,Other vehicle on the adjacent lane,R1_R2_Match
00903.mp4,Straight at intersection,Other vehicle approaching from side,R1_R2_Match
00905.mp4,Other,Add Comment,R1_R2_Match
00906.mp4,Turning at intersection,Other vehicle on the adjacent lane,R1_R2_Match
00909.mp4,Straight at intersection,Other vehicle approaching from side,R1_R2_Match
00910.mp4,Turning at intersection,PV Slower / Braking / Stopped,R1_R2_Match
00912.mp4,Driving in Lane,PV stopped,R1_R2_Match
00914.mp4,Driving in Lane,PV stopped,R1_R2_Match
00915.mp4,Driving in Lane,PV braking / slower,R1_R2_Match
00916.mp4,Driving in Lane,PV cut-in,R1_R2_Match
00918.mp4,Turning at intersection,Other vehicle on the adjacent lane,R1_R2_Match
00923.mp4,Turning at intersection,Other vehicle approaching from side,R1_R2_Match
00926.mp4,Driving in Lane,PV cut-in,R1_R2_Match
00927.mp4,Straight at intersection,Other vehicle on the adjacent lane,R1_R2_Match
00928.mp4,Driving in Lane,PV braking / slower,R1_R2_Match
00929.mp4,Straight at intersection,Other vehicle approaching from front / opposite,R1_R2_Match
00931.mp4,Driving in Lane,PV cut-in,R1_R2_Match
00935.mp4,Driving in Lane,PV cut-in,R1_R2_Match
00936.mp4,Driving in Lane,PV braking / slower,R1_R2_Match
00937.mp4,Driving in Lane,PV cut-in,R1_R2_Match
00938.mp4,Other,Add Comment,R1_R2_Match
00940.mp4,Driving in Lane,PV cut-in,R1_R2_Match
00942.mp4,Driving in Lane,PV cut-in,R1_R2_Match
00943.mp4,Straight at intersection,Other vehicle approaching from side,R1_R2_Match
00944.mp4,Driving in Lane,PV cut-in,R1_R2_Match
00945.mp4,Driving in Lane,PV cut-in,R1_R2_Match
00947.mp4,Driving in Lane,PV cut-in,R1_R2_Match
00948.mp4,Straight at intersection,Other vehicle approaching from side,R1_R2_Match
00949.mp4,Driving in Lane,PV cut-in,R1_R2_Match
00955.mp4,Straight at intersection,Other vehicle approaching from side,R1_R2_Match
00957.mp4,Driving in Lane,PV cut-in,R1_R2_Match
00958.mp4,Driving in Lane,PV cut-in,R1_R2_Match
00959.mp4,Driving in Lane,PV cut-in,R1_R2_Match
00960.mp4,Turning at intersection,PV Slower / Braking / Stopped,R1_R2_Match
00963.mp4,Driving in Lane,PV cut-in,R1_R2_Match
00966.mp4,Driving in Lane,PV cut-in,R1_R2_Match
00967.mp4,Turning at intersection,Other vehicle approaching from side,R1_R2_Match
00968.mp4,Straight at intersection,Other vehicle on the adjacent lane,R1_R2_Match
00971.mp4,Leaving Lane,PV @ target lane,R1_R2_Match
00972.mp4,Driving in Lane,PV cut-in,R1_R2_Match
00973.mp4,Other,Add Comment,R1_R2_Match
00976.mp4,Turning at intersection,Other vehicle on the adjacent lane,R1_R2_Match
00977.mp4,Driving in Lane,PV cut-in,R1_R2_Match
00978.mp4,Straight at intersection,Other vehicle on the adjacent lane,R1_R2_Match
00980.mp4,Driving in Lane,PV cut-in,R1_R2_Match
00981.mp4,Driving in Lane,PV cut-in,R1_R2_Match
00982.mp4,Driving in Lane,PV cut-in,R1_R2_Match
00983.mp4,Driving in Lane,PV cut-in,R1_R2_Match
00985.mp4,Straight at intersection,Other vehicle approaching from side,R1_R2_Match
00986.mp4,Straight at intersection,Other vehicle approaching from side,R1_R2_Match
00989.mp4,Driving in Lane,PV cut-in,R1_R2_Match
00990.mp4,Driving in Lane,PV cut-in,R1_R2_Match
00996.mp4,Driving in Lane,PV cut-out,R1_R2_Match
00997.mp4,Driving in Lane,PV cut-in,R1_R2_Match
01002.mp4,Driving in Lane,PV cut-in,R1_R2_Match
01008.mp4,Driving in Lane,PV cut-in,R1_R2_Match
01011.mp4,Turning at intersection,PV Slower / Braking / Stopped,R1_R2_Match
01012.mp4,Driving in Lane,PV cut-in,R1_R2_Match
01013.mp4,Driving in Lane,PV cut-in,R1_R2_Match
01019.mp4,Driving in Lane,PV cut-in,R1_R2_Match
01022.mp4,Driving in Lane,PV stopped,R1_R2_Match
01024.mp4,Driving in Lane,PV cut-in,R1_R2_Match
01028.mp4,Other,Add Comment,R1_R2_Match
01033.mp4,Driving in Lane,PV cut-in,R1_R2_Match
01034.mp4,Driving in Lane,PV cut-in,R1_R2_Match
01039.mp4,Driving in Lane,PV cut-in,R1_R2_Match
00003.mp4,Driving in Lane,PV braking / slower,R3_SanityCheck
00005.mp4,Turning at intersection,Other vehicle on the adjacent lane,R3_SanityCheck
00006.mp4,Driving in Lane,PV braking / slower,R3_SanityCheck
00013.mp4,Straight at intersection,Other vehicle approaching from side,R3_SanityCheck
00014.mp4,Turning at intersection,Other vehicle approaching from front / opposite,R3_SanityCheck
00015.mp4,Driving in Lane,PV stopped,R3_SanityCheck
00016.mp4,Leaving Lane,SV @ target lane,R3_SanityCheck
00018.mp4,Straight at intersection,Other vehicle approaching from side,R3_SanityCheck
00019.mp4,Straight at intersection,Other vehicle approaching from side,R3_SanityCheck
00023.mp4,Turning at intersection,Other vehicle approaching from side,R3_SanityCheck
00026.mp4,Driving in Lane,Other,R3_SanityCheck
00027.mp4,Driving in Lane,PV stopped,R3_SanityCheck
00029.mp4,Driving in Lane,PV cut-in,R3_SanityCheck
00037.mp4,Straight at intersection,Other vehicle approaching from front / opposite,R3_SanityCheck
00039.mp4,Driving in Lane,PV stopped,R3_SanityCheck
00041.mp4,Driving in Lane,Other,R3_SanityCheck
00042.mp4,Straight at intersection,Other vehicle on the adjacent lane,R3_SanityCheck
00046.mp4,Driving in Lane,PV stopped,R3_SanityCheck
00047.mp4,Straight at intersection,Other vehicle approaching from side,R3_SanityCheck
00048.mp4,Turning at intersection,Other vehicle on the adjacent lane,R3_SanityCheck
00049.mp4,Leaving Lane,SV @ target lane,R3_SanityCheck
00054.mp4,Turning at intersection,Other,R3_SanityCheck
00063.mp4,Straight at intersection,Other vehicle on the adjacent lane,R3_SanityCheck
00064.mp4,Leaving Lane,SV @ target lane,R3_SanityCheck
00071.mp4,Leaving Lane,SV @ target lane,R3_SanityCheck
00072.mp4,Turning at intersection,Other vehicle on the adjacent lane,R3_SanityCheck
00076.mp4,Leaving Lane,SV @ target lane,R3_SanityCheck
00077.mp4,Driving in Lane,PV cut-in,R3_SanityCheck
00078.mp4,Driving in Lane,PV braking / slower,R3_SanityCheck
00081.mp4,Straight at intersection,Other vehicle approaching from side,R3_SanityCheck
00036.mp4,Straight at intersection,Other vehicle approaching from side,R3_SanityCheck
00083.mp4,Driving in Lane,PV braking / slower,R3_SanityCheck
00085.mp4,Straight at intersection,Other vehicle on the adjacent lane,R3_SanityCheck
00090.mp4,Straight at intersection,Other vehicle approaching from front / opposite,R3_SanityCheck
00093.mp4,Driving in Lane,PV stopped,R3_SanityCheck
00095.mp4,Driving in Lane,Other,R3_SanityCheck
00097.mp4,Leaving Lane,SV @ target lane,R3_SanityCheck
00098.mp4,Driving in Lane,PV stopped,R3_SanityCheck
00099.mp4,Straight at intersection,Other vehicle on the adjacent lane,R3_SanityCheck
00106.mp4,Turning at intersection,Other vehicle approaching from front / opposite,R3_SanityCheck
00108.mp4,Other,Add Comment,R3_SanityCheck
00110.mp4,Driving in Lane,PV cut-in,R3_SanityCheck
00111.mp4,Driving in Lane,PV stopped,R3_SanityCheck
00114.mp4,Driving in Lane,Other,R3_SanityCheck
00117.mp4,Leaving Lane,SV @ target lane,R3_SanityCheck
00119.mp4,Straight at intersection,Other vehicle approaching from side,R3_SanityCheck
00124.mp4,Driving in Lane,PV cut-out,R3_SanityCheck
00133.mp4,Leaving Lane,PV @ target lane,R3_SanityCheck
00135.mp4,Turning at intersection,Other vehicle on the adjacent lane,R3_SanityCheck
00138.mp4,Leaving Lane,SV @ target lane,R3_SanityCheck
00141.mp4,Driving in Lane,PV stopped,R3_SanityCheck
00142.mp4,Straight at intersection,Other vehicle on the adjacent lane,R3_SanityCheck
00147.mp4,Turning at intersection,Other vehicle on the adjacent lane,R3_SanityCheck
00148.mp4,Straight at intersection,Other vehicle on the adjacent lane,R3_SanityCheck
00152.mp4,Turning at intersection,Other,R3_SanityCheck
00153.mp4,Driving in Lane,PV braking / slower,R3_SanityCheck
00154.mp4,Turning at intersection,Other vehicle approaching from front / opposite,R3_SanityCheck
00155.mp4,Straight at intersection,Other vehicle approaching from side,R3_SanityCheck
00158.mp4,Driving in Lane,PV cut-in,R3_SanityCheck
00162.mp4,Straight at intersection,Other vehicle on the adjacent lane,R3_SanityCheck
00164.mp4,Driving in Lane,PV braking / slower,R3_SanityCheck
00167.mp4,Leaving Lane,SV @ target lane,R3_SanityCheck
00169.mp4,Turning at intersection,Other vehicle on the adjacent lane,R3_SanityCheck
00170.mp4,Other,Add Comment,R3_SanityCheck
00172.mp4,Straight at intersection,Other vehicle approaching from front / opposite,R3_SanityCheck
00177.mp4,Turning at intersection,Other vehicle approaching from side,R3_SanityCheck
00179.mp4,Driving in Lane,PV braking / slower,R3_SanityCheck
00181.mp4,Driving in Lane,PV stopped,R3_SanityCheck
00184.mp4,Straight at intersection,Other vehicle on the adjacent lane,R3_SanityCheck
00187.mp4,Leaving Lane,SV @ target lane,R3_SanityCheck
00194.mp4,Driving in Lane,PV braking / slower,R3_SanityCheck
00200.mp4,Driving in Lane,PV cut-in,R3_SanityCheck
00201.mp4,Leaving Lane,SV @ target lane,R3_SanityCheck
00205.mp4,Driving in Lane,PV braking / slower,R3_SanityCheck
00209.mp4,Straight at intersection,Other vehicle on the adjacent lane,R3_SanityCheck
00225.mp4,Other,Add Comment,R3_SanityCheck
00228.mp4,Driving in Lane,PV braking / slower,R3_SanityCheck
00235.mp4,Other,Add Comment,R3_SanityCheck
00239.mp4,Turning at intersection,Other vehicle on the adjacent lane,R3_SanityCheck
00240.mp4,Driving in Lane,PV braking / slower,R3_SanityCheck
00250.mp4,Driving in Lane,PV braking / slower,R3_SanityCheck
00253.mp4,Other,Add Comment,R3_SanityCheck
00256.mp4,Leaving Lane,PV @ target lane,R3_SanityCheck
00260.mp4,Straight at intersection,Other vehicle on the adjacent lane,R3_SanityCheck
00262.mp4,Driving in Lane,PV braking / slower,R3_SanityCheck
00263.mp4,Turning at intersection,Other vehicle on the adjacent lane,R3_SanityCheck
00265.mp4,Driving in Lane,PV braking / slower,R3_SanityCheck
00269.mp4,Straight at intersection,Other vehicle approaching from side,R3_SanityCheck
00276.mp4,Straight at intersection,PV Slower / Braking / Stopped,R3_SanityCheck
00282.mp4,Turning at intersection,PV Slower / Braking / Stopped,R3_SanityCheck
00283.mp4,Other,Add Comment,R3_SanityCheck
00284.mp4,Straight at intersection,Other vehicle approaching from front / opposite,R3_SanityCheck
00287.mp4,Leaving Lane,PV @ target lane,R3_SanityCheck
00288.mp4,Driving in Lane,Other,R3_SanityCheck
00289.mp4,Straight at intersection,Other vehicle approaching from side,R3_SanityCheck
00290.mp4,Driving in Lane,PV braking / slower,R3_SanityCheck
00292.mp4,Driving in Lane,PV cut-in,R3_SanityCheck
00296.mp4,Turning at intersection,Other vehicle on the adjacent lane,R3_SanityCheck
00302.mp4,Driving in Lane,PV cut-in,R3_SanityCheck
00308.mp4,Driving in Lane,PV braking / slower,R3_SanityCheck
00309.mp4,Driving in Lane,Other,R3_SanityCheck
00318.mp4,Driving in Lane,Oncoming vehicle,R3_SanityCheck
00326.mp4,Driving in Lane,PV cut-in,R3_SanityCheck
00336.mp4,Driving in Lane,PV cut-in,R3_SanityCheck
00341.mp4,Turning at intersection,PV Slower / Braking / Stopped,R3_SanityCheck
00342.mp4,Driving in Lane,Other,R3_SanityCheck
00343.mp4,Driving in Lane,PV braking / slower,R3_SanityCheck
00344.mp4,Driving in Lane,PV braking / slower,R3_SanityCheck
00349.mp4,Driving in Lane,PV braking / slower,R3_SanityCheck
00351.mp4,Driving in Lane,PV cut-in,R3_SanityCheck
00353.mp4,Turning at intersection,Other vehicle on the adjacent lane,R3_SanityCheck
00361.mp4,Driving in Lane,PV braking / slower,R3_SanityCheck
00362.mp4,Driving in Lane,PV braking / slower,R3_SanityCheck
00363.mp4,Driving in Lane,PV braking / slower,R3_SanityCheck
00529.mp4,Driving in Lane,PV cut-in,R3_SanityCheck
00533.mp4,Leaving Lane,PV @ target lane,R3_SanityCheck
00538.mp4,Driving in Lane,Other,R3_SanityCheck
00539.mp4,Driving in Lane,PV cut-in,R3_SanityCheck
00541.mp4,Turning at intersection,Other vehicle approaching from front / opposite,R3_SanityCheck
00546.mp4,Driving in Lane,Other,R3_SanityCheck
00551.mp4,Turning at intersection,Other vehicle approaching from front / opposite,R3_SanityCheck
00554.mp4,Driving in Lane,PV braking / slower,R3_SanityCheck
00558.mp4,Driving in Lane,PV cut-in,R3_SanityCheck
00563.mp4,Driving in Lane,Other,R3_SanityCheck
00565.mp4,Driving in Lane,PV cut-in,R3_SanityCheck
00566.mp4,Turning at intersection,Other vehicle on the adjacent lane,R3_SanityCheck
00568.mp4,Leaving Lane,PV @ target lane,R3_SanityCheck
00571.mp4,Turning at intersection,Other vehicle on the adjacent lane,R3_SanityCheck
00581.mp4,Straight at intersection,Other vehicle on the adjacent lane,R3_SanityCheck
00584.mp4,Leaving Lane,Other,R3_SanityCheck
00589.mp4,Driving in Lane,PV braking / slower,R3_SanityCheck
00591.mp4,Turning at intersection,Other vehicle on the adjacent lane,R3_SanityCheck
00592.mp4,Turning at intersection,Other vehicle on the adjacent lane,R3_SanityCheck
00593.mp4,Straight at intersection,PV Slower / Braking / Stopped,R3_SanityCheck
00594.mp4,Driving in Lane,PV braking / slower,R3_SanityCheck
00597.mp4,Driving in Lane,PV braking / slower,R3_SanityCheck
00598.mp4,Driving in Lane,PV cut-in,R3_SanityCheck
00604.mp4,Leaving Lane,SV @ target lane,R3_SanityCheck
00606.mp4,Leaving Lane,PV @ target lane,R3_SanityCheck
00609.mp4,Straight at intersection,Other vehicle approaching from side,R3_SanityCheck
00611.mp4,Driving in Lane,PV cut-in,R3_SanityCheck
00614.mp4,Straight at intersection,Other vehicle on the adjacent lane,R3_SanityCheck
00621.mp4,Driving in Lane,PV braking / slower,R3_SanityCheck
00623.mp4,Turning at intersection,Other vehicle on the adjacent lane,R3_SanityCheck
00626.mp4,Other,Add Comment,R3_SanityCheck
00627.mp4,Driving in Lane,PV cut-in,R3_SanityCheck
00630.mp4,Turning at intersection,PV Slower / Braking / Stopped,R3_SanityCheck
00635.mp4,Leaving Lane,RV @ target lane,R3_SanityCheck
00636.mp4,Driving in Lane,PV braking / slower,R3_SanityCheck
00638.mp4,Straight at intersection,Other vehicle approaching from side,R3_SanityCheck
00643.mp4,Driving in Lane,PV cut-in,R3_SanityCheck
00645.mp4,Driving in Lane,PV braking / slower,R3_SanityCheck
00648.mp4,Driving in Lane,PV cut-in,R3_SanityCheck
00650.mp4,Driving in Lane,PV braking / slower,R3_SanityCheck
00651.mp4,Driving in Lane,PV braking / slower,R3_SanityCheck
00652.mp4,Leaving Lane,SV @ target lane,R3_SanityCheck
00656.mp4,Driving in Lane,PV cut-in,R3_SanityCheck
00659.mp4,Turning at intersection,Other vehicle approaching from side,R3_SanityCheck
00661.mp4,Straight at intersection,Other vehicle on the adjacent lane,R3_SanityCheck
00666.mp4,Driving in Lane,PV stopped,R3_SanityCheck
00667.mp4,Driving in Lane,PV cut-in,R3_SanityCheck
00670.mp4,Leaving Lane,Object,R3_SanityCheck
00671.mp4,Driving in Lane,PV braking / slower,R3_SanityCheck
00674.mp4,Driving in Lane,Other,R3_SanityCheck
00678.mp4,Driving in Lane,PV braking / slower,R3_SanityCheck
00682.mp4,Straight at intersection,Other vehicle on the adjacent lane,R3_SanityCheck
00697.mp4,Leaving Lane,RV @ target lane,R3_SanityCheck
00702.mp4,Driving in Lane,PV cut-in,R3_SanityCheck
00710.mp4,Straight at intersection,PV Slower / Braking / Stopped,R3_SanityCheck
00715.mp4,Straight at intersection,Other vehicle approaching from side,R3_SanityCheck
00723.mp4,Driving in Lane,PV cut-in,R3_SanityCheck
00729.mp4,Driving in Lane,PV braking / slower,R3_SanityCheck
00733.mp4,Leaving Lane,Other,R3_SanityCheck
00734.mp4,Driving in Lane,PV braking / slower,R3_SanityCheck
00742.mp4,Turning at intersection,Other vehicle approaching from front / opposite,R3_SanityCheck
00769.mp4,Driving in Lane,PV cut-in,R3_SanityCheck
00783.mp4,Straight at intersection,Other vehicle approaching from front / opposite,R3_SanityCheck
00788.mp4,Driving in Lane,Other,R3_SanityCheck
00789.mp4,Driving in Lane,Other,R3_SanityCheck
00794.mp4,Driving in Lane,PV cut-in,R3_SanityCheck
00798.mp4,Straight at intersection,Other vehicle on the adjacent lane,R3_SanityCheck
00805.mp4,Driving in Lane,PV cut-in,R3_SanityCheck
00817.mp4,Driving in Lane,PV braking / slower,R3_SanityCheck
00818.mp4,Straight at intersection,Other vehicle on the adjacent lane,R3_SanityCheck
00819.mp4,Driving in Lane,PV braking / slower,R3_SanityCheck
00820.mp4,Driving in Lane,PV braking / slower,R3_SanityCheck
00822.mp4,Straight at intersection,PV Slower / Braking / Stopped,R3_SanityCheck
00824.mp4,Driving in Lane,PV braking / slower,R3_SanityCheck
00835.mp4,Driving in Lane,Other,R3_SanityCheck
00839.mp4,Driving in Lane,PV cut-in,R3_SanityCheck
00843.mp4,Turning at intersection,Other vehicle on the adjacent lane,R3_SanityCheck
00845.mp4,Straight at intersection,Other vehicle on the adjacent lane,R3_SanityCheck
00847.mp4,Driving in Lane,PV braking / slower,R3_SanityCheck
00850.mp4,Driving in Lane,Other,R3_SanityCheck
00858.mp4,Driving in Lane,PV braking / slower,R3_SanityCheck
00860.mp4,Driving in Lane,PV braking / slower,R3_SanityCheck
00864.mp4,Straight at intersection,Other vehicle approaching from side,R3_SanityCheck
00865.mp4,Driving in Lane,Other,R3_SanityCheck
00866.mp4,Other,Add Comment,R3_SanityCheck
00868.mp4,Straight at intersection,Other vehicle approaching from front / opposite,R3_SanityCheck
00869.mp4,Driving in Lane,PV cut-in,R3_SanityCheck
00875.mp4,Driving in Lane,PV cut-in,R3_SanityCheck
00883.mp4,Driving in Lane,PV braking / slower,R3_SanityCheck
00889.mp4,Driving in Lane,Other,R3_SanityCheck
00896.mp4,Other,Add Comment,R3_SanityCheck
00897.mp4,Driving in Lane,PV cut-in,R3_SanityCheck
00370.mp4,Straight at intersection,Other vehicle on the adjacent lane,R3_SanityCheck
00372.mp4,Straight at intersection,PV Slower / Braking / Stopped,R3_SanityCheck
00373.mp4,Straight at intersection,Other vehicle on the adjacent lane,R3_SanityCheck
00376.mp4,Driving in Lane,PV cut-in,R3_SanityCheck
00378.mp4,Straight at intersection,Other vehicle on the adjacent lane,R3_SanityCheck
00380.mp4,Leaving Lane,PV @ target lane,R3_SanityCheck
00381.mp4,Driving in Lane,PV cut-in,R3_SanityCheck
00383.mp4,Driving in Lane,PV cut-in,R3_SanityCheck
00387.mp4,Driving in Lane,PV cut-in,R3_SanityCheck
00389.mp4,Leaving Lane,SV @ target lane,R3_SanityCheck
00401.mp4,Straight at intersection,Other vehicle on the adjacent lane,R3_SanityCheck
00405.mp4,Other,Add Comment,R3_SanityCheck
00414.mp4,Driving in Lane,PV cut-in,R3_SanityCheck
00415.mp4,Driving in Lane,PV cut-in,R3_SanityCheck
00420.mp4,Straight at intersection,Other vehicle approaching from front / opposite,R3_SanityCheck
00425.mp4,Driving in Lane,PV cut-in,R3_SanityCheck
00427.mp4,Other,Add Comment,R3_SanityCheck
00429.mp4,Other,Add Comment,R3_SanityCheck
00430.mp4,Driving in Lane,PV stopped,R3_SanityCheck
00431.mp4,Driving in Lane,PV braking / slower,R3_SanityCheck
00433.mp4,Turning at intersection,Other vehicle on the adjacent lane,R3_SanityCheck
00443.mp4,Leaving Lane,SV @ target lane,R3_SanityCheck
00453.mp4,Driving in Lane,PV braking / slower,R3_SanityCheck
00457.mp4,Straight at intersection,Other vehicle on the adjacent lane,R3_SanityCheck
00459.mp4,Driving in Lane,Other,R3_SanityCheck
00460.mp4,Other,Add Comment,R3_SanityCheck
00463.mp4,Driving in Lane,PV stopped,R3_SanityCheck
00466.mp4,Driving in Lane,Other,R3_SanityCheck
00467.mp4,Leaving Lane,SV @ target lane,R3_SanityCheck
00472.mp4,Straight at intersection,Other vehicle on the adjacent lane,R3_SanityCheck
00475.mp4,Driving in Lane,PV cut-in,R3_SanityCheck
00477.mp4,Driving in Lane,PV braking / slower,R3_SanityCheck
00478.mp4,Driving in Lane,Oncoming vehicle,R3_SanityCheck
00483.mp4,Straight at intersection,Other vehicle on the adjacent lane,R3_SanityCheck
00491.mp4,Driving in Lane,PV stopped,R3_SanityCheck
00497.mp4,Turning at intersection,Other vehicle on the adjacent lane,R3_SanityCheck
00502.mp4,Driving in Lane,PV braking / slower,R3_SanityCheck
00505.mp4,Leaving Lane,PV @ target lane,R3_SanityCheck
00510.mp4,Driving in Lane,PV cut-in,R3_SanityCheck
00515.mp4,Straight at intersection,Other vehicle on the adjacent lane,R3_SanityCheck
00516.mp4,Straight at intersection,Other vehicle on the adjacent lane,R3_SanityCheck
00519.mp4,Leaving Lane,SV @ target lane,R3_SanityCheck
00900.mp4,Driving in Lane,PV cut-in,R3_SanityCheck
00904.mp4,Leaving Lane,SV @ target lane,R3_SanityCheck
00911.mp4,Other,Add Comment,R3_SanityCheck
00913.mp4,Driving in Lane,PV cut-in,R3_SanityCheck
00917.mp4,Driving in Lane,PV braking / slower,R3_SanityCheck
00921.mp4,Turning at intersection,PV Slower / Braking / Stopped,R3_SanityCheck
00930.mp4,Driving in Lane,PV cut-in,R3_SanityCheck
00932.mp4,Straight at intersection,Other vehicle approaching from front / opposite,R3_SanityCheck
00952.mp4,Driving in Lane,PV cut-in,R3_SanityCheck
00953.mp4,Turning at intersection,Other vehicle on the adjacent lane,R3_SanityCheck
00954.mp4,Driving in Lane,PV braking / slower,R3_SanityCheck
00961.mp4,Driving in Lane,PV cut-in,R3_SanityCheck
00964.mp4,Driving in Lane,PV braking / slower,R3_SanityCheck
00965.mp4,Leaving Lane,SV @ target lane,R3_SanityCheck
00970.mp4,Driving in Lane,PV braking / slower,R3_SanityCheck
00979.mp4,Driving in Lane,PV braking / slower,R3_SanityCheck
00988.mp4,Driving in Lane,PV cut-out,R3_SanityCheck
00991.mp4,Driving in Lane,PV cut-in,R3_SanityCheck
00998.mp4,Driving in Lane,PV cut-in,R3_SanityCheck
01000.mp4,Straight at intersection,Other vehicle approaching from side,R3_SanityCheck
01003.mp4,Driving in Lane,PV braking / slower,R3_SanityCheck
01004.mp4,Driving in Lane,PV braking / slower,R3_SanityCheck
01016.mp4,Driving in Lane,PV cut-in,R3_SanityCheck
01020.mp4,Straight at intersection,Other vehicle on the adjacent lane,R3_SanityCheck
01031.mp4,Leaving Lane,SV @ target lane,R3_SanityCheck
01035.mp4,Driving in Lane,PV cut-in,R3_SanityCheck
01036.mp4,Straight at intersection,PV Slower / Braking / Stopped,R3_SanityCheck
01037.mp4,Turning at intersection,PV Slower / Braking / Stopped,R3_SanityCheck
00354.mp4,Turning at intersection,Other vehicle approaching from side,R3_OneRound
00357.mp4,Driving in Lane,PV cut-in,R3_OneRound
00795.mp4,Driving in Lane,PV braking / slower,R3_OneRound
00995.mp4,Turning at intersection,PV Slower / Braking / Stopped,R3_OneRound
