video_name,scenario_level_1,scenario_level_2,label_source,video_id,predicted_label,predicted_probability,true_label
00000.mp4,Driving in Lane,PV cut-in,R1_R2_Match,0,1,0.9984114,1
00004.mp4,Leaving Lane,PV @ target lane,R1_R2_Match,4,0,0.28798452,1
00007.mp4,Leaving Lane,PV @ target lane,R1_R2_Match,7,1,0.9970112,1
00008.mp4,Leaving Lane,PV @ target lane,R1_R2_Match,8,1,0.9625435,1
00010.mp4,Leaving Lane,PV @ target lane,R1_R2_Match,10,1,0.99604994,1
00017.mp4,Driving in Lane,PV stopped,R1_R2_Match,17,1,0.98202884,1
00021.mp4,Driving in Lane,PV stopped,R1_R2_Match,21,1,0.9983962,1
00022.mp4,Driving in Lane,PV cut-in,R1_R2_Match,22,1,0.9789114,1
00024.mp4,Leaving Lane,PV @ target lane,R1_R2_Match,24,1,0.998487,1
00025.mp4,Driving in Lane,PV cut-in,R1_R2_Match,25,1,0.99592066,1
00028.mp4,Driving in Lane,PV stopped,R1_R2_Match,28,1,0.9989453,1
00031.mp4,Driving in Lane,PV cut-in,R1_R2_Match,31,1,0.9654119,1
00032.mp4,Driving in Lane,PV cut-in,R1_R2_Match,32,1,0.67494434,1
00040.mp4,Straight at intersection,Other vehicle approaching from side,R1_R2_Match,40,1,0.9811897,1
00043.mp4,Driving in Lane,PV cut-in,R1_R2_Match,43,0,0.05914212,1
00044.mp4,Straight at intersection,Other vehicle approaching from side,R1_R2_Match,44,1,0.9896544,1
00055.mp4,Driving in Lane,PV stopped,R1_R2_Match,55,1,0.9969331,1
00056.mp4,Straight at intersection,Other vehicle approaching from side,R1_R2_Match,56,1,0.9527334,1
00057.mp4,Driving in Lane,PV stopped,R1_R2_Match,57,1,0.99498487,1
00058.mp4,Turning at intersection,PV Slower / Braking / Stopped,R1_R2_Match,58,1,0.9977558,1
00059.mp4,Leaving Lane,PV @ target lane,R1_R2_Match,59,1,0.99632,1
00060.mp4,Driving in Lane,PV stopped,R1_R2_Match,60,1,0.99690104,1
00061.mp4,Driving in Lane,PV cut-in,R1_R2_Match,61,1,0.9841172,1
00062.mp4,Straight at intersection,Other vehicle approaching from side,R1_R2_Match,62,1,0.5980601,1
00065.mp4,Driving in Lane,PV stopped,R1_R2_Match,65,1,0.99451727,1
00066.mp4,Straight at intersection,Other vehicle approaching from side,R1_R2_Match,66,1,0.99054104,1
00068.mp4,Driving in Lane,PV stopped,R1_R2_Match,68,1,0.99700695,1
00074.mp4,Turning at intersection,PV Slower / Braking / Stopped,R1_R2_Match,74,1,0.99802846,1
00079.mp4,Turning at intersection,PV Slower / Braking / Stopped,R1_R2_Match,79,1,0.99869007,1
00082.mp4,Driving in Lane,PV cut-in,R1_R2_Match,82,1,0.9946496,1
00084.mp4,Driving in Lane,PV cut-in,R1_R2_Match,84,1,0.962555,1
00086.mp4,Driving in Lane,PV braking / slower,R1_R2_Match,86,1,0.99954754,1
00089.mp4,Straight at intersection,Other vehicle approaching from side,R1_R2_Match,89,1,0.9852533,1
00096.mp4,Driving in Lane,PV cut-in,R1_R2_Match,96,1,0.9881357,1
00100.mp4,Driving in Lane,PV cut-in,R1_R2_Match,100,1,0.9982608,1
00102.mp4,Driving in Lane,PV stopped,R1_R2_Match,102,1,0.9988279,1
00103.mp4,Straight at intersection,Other vehicle approaching from side,R1_R2_Match,103,1,0.9977817,1
00104.mp4,Driving in Lane,PV stopped,R1_R2_Match,104,1,0.99838376,1
00105.mp4,Straight at intersection,Other vehicle approaching from side,R1_R2_Match,105,1,0.8629346,1
00109.mp4,Driving in Lane,PV stopped,R1_R2_Match,109,1,0.99670726,1
00112.mp4,Turning at intersection,PV Slower / Braking / Stopped,R1_R2_Match,112,1,0.99928457,1
00118.mp4,Driving in Lane,PV stopped,R1_R2_Match,118,1,0.99843687,1
00121.mp4,Driving in Lane,PV cut-in,R1_R2_Match,121,0,0.42604837,1
00122.mp4,Straight at intersection,Other vehicle approaching from side,R1_R2_Match,122,1,0.99389935,1
00123.mp4,Driving in Lane,PV cut-in,R1_R2_Match,123,1,0.99499303,1
00125.mp4,Straight at intersection,Other vehicle approaching from side,R1_R2_Match,125,1,0.9901091,1
00127.mp4,Straight at intersection,Other vehicle approaching from front / opposite,R1_R2_Match,127,1,0.92340446,1
00128.mp4,Driving in Lane,PV cut-in,R1_R2_Match,128,1,0.9671417,1
00129.mp4,Driving in Lane,PV cut-in,R1_R2_Match,129,1,0.9989079,1
00130.mp4,Driving in Lane,PV stopped,R1_R2_Match,130,1,0.9938539,1
00131.mp4,Straight at intersection,Other vehicle approaching from side,R1_R2_Match,131,1,0.9861064,1
00132.mp4,Straight at intersection,Other vehicle approaching from side,R1_R2_Match,132,1,0.98672485,1
00136.mp4,Driving in Lane,PV cut-in,R1_R2_Match,136,1,0.9360538,1
00143.mp4,Straight at intersection,Other vehicle approaching from side,R1_R2_Match,143,1,0.99571264,1
00144.mp4,Driving in Lane,PV stopped,R1_R2_Match,144,1,0.998164,1
00145.mp4,Driving in Lane,PV stopped,R1_R2_Match,145,1,0.9983613,1
00149.mp4,Driving in Lane,PV stopped,R1_R2_Match,149,1,0.998811,1
00151.mp4,Driving in Lane,PV stopped,R1_R2_Match,151,1,0.9924508,1
00157.mp4,Driving in Lane,PV cut-in,R1_R2_Match,157,1,0.9938181,1
00160.mp4,Driving in Lane,PV stopped,R1_R2_Match,160,1,0.9953243,1
00163.mp4,Driving in Lane,Other,R1_R2_Match,163,1,0.99203086,1
00166.mp4,Straight at intersection,Other vehicle approaching from side,R1_R2_Match,166,1,0.9983871,1
00168.mp4,Straight at intersection,Other vehicle approaching from front / opposite,R1_R2_Match,168,1,0.9863492,1
00171.mp4,Driving in Lane,PV braking / slower,R1_R2_Match,171,1,0.9964049,1
00173.mp4,Driving in Lane,PV stopped,R1_R2_Match,173,1,0.99825114,1
00174.mp4,Turning at intersection,PV Slower / Braking / Stopped,R1_R2_Match,174,1,0.9975668,1
00175.mp4,Driving in Lane,PV cut-in,R1_R2_Match,175,0,0.4803989,1
00180.mp4,Driving in Lane,PV cut-in,R1_R2_Match,180,1,0.51456004,1
00183.mp4,Driving in Lane,PV cut-in,R1_R2_Match,183,1,0.97512543,1
00188.mp4,Straight at intersection,Other vehicle approaching from side,R1_R2_Match,188,1,0.9711793,1
00189.mp4,Driving in Lane,PV stopped,R1_R2_Match,189,1,0.9990945,1
00190.mp4,Driving in Lane,PV cut-in,R1_R2_Match,190,1,0.7652307,1
00192.mp4,Straight at intersection,Other vehicle approaching from side,R1_R2_Match,192,1,0.99846846,1
00195.mp4,Turning at intersection,Other vehicle approaching from front / opposite,R1_R2_Match,195,1,0.99326867,1
00199.mp4,Straight at intersection,Other vehicle approaching from side,R1_R2_Match,199,1,0.99752766,1
00202.mp4,Driving in Lane,PV cut-in,R1_R2_Match,202,1,0.9731309,1
00206.mp4,Other,Add Comment,R1_R2_Match,206,1,0.9913748,1
00207.mp4,Driving in Lane,PV cut-in,R1_R2_Match,207,1,0.9793084,1
00208.mp4,Straight at intersection,Other vehicle approaching from front / opposite,R1_R2_Match,208,1,0.9928389,1
00210.mp4,Turning at intersection,Other vehicle approaching from side,R1_R2_Match,210,1,0.98914796,1
00213.mp4,Driving in Lane,PV stopped,R1_R2_Match,213,1,0.9962528,1
00214.mp4,Turning at intersection,Other vehicle on the adjacent lane,R1_R2_Match,214,1,0.9814496,1
00216.mp4,Turning at intersection,Other vehicle approaching from front / opposite,R1_R2_Match,216,1,0.98502237,1
00217.mp4,Turning at intersection,Other vehicle on the adjacent lane,R1_R2_Match,217,1,0.9328154,1
00218.mp4,Driving in Lane,PV cut-in,R1_R2_Match,218,1,0.87340486,1
00222.mp4,Turning at intersection,PV Slower / Braking / Stopped,R1_R2_Match,222,1,0.9987658,1
00223.mp4,Turning at intersection,Other vehicle on the adjacent lane,R1_R2_Match,223,1,0.99856275,1
00224.mp4,Driving in Lane,PV stopped,R1_R2_Match,224,1,0.9965752,1
00226.mp4,Driving in Lane,PV stopped,R1_R2_Match,226,1,0.9922122,1
00227.mp4,Driving in Lane,PV stopped,R1_R2_Match,227,1,0.9846266,1
00232.mp4,Straight at intersection,Other vehicle approaching from side,R1_R2_Match,232,1,0.89568615,1
00233.mp4,Turning at intersection,PV Slower / Braking / Stopped,R1_R2_Match,233,1,0.99603695,1
00234.mp4,Driving in Lane,PV stopped,R1_R2_Match,234,1,0.9981869,1
00236.mp4,Driving in Lane,PV stopped,R1_R2_Match,236,1,0.996439,1
00237.mp4,Driving in Lane,PV stopped,R1_R2_Match,237,1,0.9815431,1
00238.mp4,Driving in Lane,PV stopped,R1_R2_Match,238,1,0.9982692,1
00242.mp4,Driving in Lane,PV cut-in,R1_R2_Match,242,1,0.9875113,1
00244.mp4,Turning at intersection,Other vehicle approaching from front / opposite,R1_R2_Match,244,1,0.99299616,1
00245.mp4,Driving in Lane,PV cut-in,R1_R2_Match,245,1,0.99627495,1
00247.mp4,Driving in Lane,PV cut-in,R1_R2_Match,247,1,0.9539602,1
00251.mp4,Driving in Lane,PV cut-in,R1_R2_Match,251,0,0.35627922,1
00252.mp4,Driving in Lane,PV cut-in,R1_R2_Match,252,1,0.57959086,1
00254.mp4,Straight at intersection,Other vehicle on the adjacent lane,R1_R2_Match,254,1,0.9386339,1
00255.mp4,Driving in Lane,PV stopped,R1_R2_Match,255,1,0.9991239,1
00259.mp4,Leaving Lane,PV @ target lane,R1_R2_Match,259,1,0.9962209,1
00264.mp4,Driving in Lane,PV cut-in,R1_R2_Match,264,1,0.96504766,1
00266.mp4,Driving in Lane,PV braking / slower,R1_R2_Match,266,1,0.99814785,1
00270.mp4,Leaving Lane,PV @ target lane,R1_R2_Match,270,1,0.9900248,1
00271.mp4,Driving in Lane,PV cut-in,R1_R2_Match,271,1,0.98517716,1
00272.mp4,Driving in Lane,PV cut-in,R1_R2_Match,272,1,0.99119616,1
00273.mp4,Straight at intersection,Other vehicle on the adjacent lane,R1_R2_Match,273,1,0.9985183,1
00275.mp4,Driving in Lane,PV braking / slower,R1_R2_Match,275,1,0.99764085,1
00285.mp4,Leaving Lane,PV @ target lane,R1_R2_Match,285,1,0.9985139,1
00286.mp4,Turning at intersection,PV Slower / Braking / Stopped,R1_R2_Match,286,1,0.9979253,1
00291.mp4,Driving in Lane,PV cut-in,R1_R2_Match,291,1,0.9854291,1
00294.mp4,Driving in Lane,PV braking / slower,R1_R2_Match,294,1,0.9981086,1
00295.mp4,Driving in Lane,PV cut-in,R1_R2_Match,295,1,0.9903048,1
00298.mp4,Driving in Lane,PV braking / slower,R1_R2_Match,298,1,0.9977937,1
00300.mp4,Driving in Lane,PV braking / slower,R1_R2_Match,300,1,0.9982736,1
00301.mp4,Driving in Lane,PV cut-in,R1_R2_Match,301,0,0.20296405,1
00303.mp4,Straight at intersection,Other vehicle approaching from front / opposite,R1_R2_Match,303,1,0.9902514,1
00307.mp4,Driving in Lane,PV braking / slower,R1_R2_Match,307,1,0.9991999,1
00310.mp4,Straight at intersection,Other vehicle approaching from side,R1_R2_Match,310,1,0.9901751,1
00311.mp4,Driving in Lane,PV stopped,R1_R2_Match,311,1,0.9951727,1
00312.mp4,Driving in Lane,PV stopped,R1_R2_Match,312,1,0.9987777,1
00313.mp4,Straight at intersection,Other vehicle approaching from side,R1_R2_Match,313,1,0.9779749,1
00317.mp4,Driving in Lane,PV braking / slower,R1_R2_Match,317,1,0.9973471,1
00319.mp4,Straight at intersection,Other vehicle approaching from side,R1_R2_Match,319,1,0.9791616,1
00320.mp4,Other,Add Comment,R1_R2_Match,320,1,0.99887794,1
00321.mp4,Straight at intersection,Other vehicle approaching from side,R1_R2_Match,321,1,0.9909853,1
00324.mp4,Turning at intersection,Other vehicle approaching from side,R1_R2_Match,324,1,0.99610126,1
00325.mp4,Driving in Lane,PV braking / slower,R1_R2_Match,325,1,0.9877077,1
00327.mp4,Driving in Lane,PV stopped,R1_R2_Match,327,1,0.9970229,1
00328.mp4,Straight at intersection,Other vehicle on the adjacent lane,R1_R2_Match,328,1,0.99195707,1
00329.mp4,Driving in Lane,PV stopped,R1_R2_Match,329,1,0.99685955,1
00330.mp4,Straight at intersection,Other vehicle approaching from side,R1_R2_Match,330,1,0.99495596,1
00331.mp4,Turning at intersection,PV Slower / Braking / Stopped,R1_R2_Match,331,1,0.9984255,1
00332.mp4,Straight at intersection,Other vehicle approaching from front / opposite,R1_R2_Match,332,1,0.99248874,1
00333.mp4,Driving in Lane,PV stopped,R1_R2_Match,333,1,0.99270284,1
00334.mp4,Driving in Lane,PV cut-in,R1_R2_Match,334,1,0.98304164,1
00335.mp4,Driving in Lane,PV cut-in,R1_R2_Match,335,1,0.8760567,1
00339.mp4,Driving in Lane,PV braking / slower,R1_R2_Match,339,0,0.36224875,1
00340.mp4,Driving in Lane,PV cut-in,R1_R2_Match,340,1,0.9504078,1
00345.mp4,Straight at intersection,Other vehicle approaching from side,R1_R2_Match,345,1,0.99883765,1
00348.mp4,Straight at intersection,Other vehicle approaching from front / opposite,R1_R2_Match,348,1,0.9965062,1
00355.mp4,Straight at intersection,Other vehicle approaching from side,R1_R2_Match,355,1,0.99709225,1
00356.mp4,Turning at intersection,Other vehicle approaching from front / opposite,R1_R2_Match,356,1,0.99619246,1
00358.mp4,Driving in Lane,PV braking / slower,R1_R2_Match,358,1,0.99239266,1
00360.mp4,Turning at intersection,Other vehicle approaching from side,R1_R2_Match,360,1,0.99615884,1
00364.mp4,Driving in Lane,PV braking / slower,R1_R2_Match,364,1,0.9980666,1
00366.mp4,Driving in Lane,PV stopped,R1_R2_Match,366,1,0.99873084,1
00369.mp4,Straight at intersection,Other vehicle approaching from side,R1_R2_Match,369,1,0.99085826,1
00371.mp4,Straight at intersection,Other vehicle approaching from side,R1_R2_Match,371,1,0.99788433,1
00375.mp4,Turning at intersection,PV Slower / Braking / Stopped,R1_R2_Match,375,1,0.9958236,1
00382.mp4,Leaving Lane,PV @ target lane,R1_R2_Match,382,1,0.99161667,1
00388.mp4,Straight at intersection,Other vehicle approaching from side,R1_R2_Match,388,1,0.9708849,1
00391.mp4,Driving in Lane,Other,R1_R2_Match,391,1,0.97620267,1
00392.mp4,Straight at intersection,Other vehicle approaching from side,R1_R2_Match,392,0,0.20881993,1
00393.mp4,Driving in Lane,PV stopped,R1_R2_Match,393,1,0.99918014,1
00394.mp4,Turning at intersection,Other vehicle approaching from side,R1_R2_Match,394,1,0.94232464,1
00395.mp4,Straight at intersection,Other vehicle approaching from side,R1_R2_Match,395,1,0.9907516,1
00397.mp4,Turning at intersection,Other vehicle approaching from front / opposite,R1_R2_Match,397,1,0.96150386,1
00398.mp4,Driving in Lane,PV cut-in,R1_R2_Match,398,1,0.9871524,1
00403.mp4,Turning at intersection,Other vehicle on the adjacent lane,R1_R2_Match,403,1,0.8940001,1
00406.mp4,Turning at intersection,Other vehicle approaching from front / opposite,R1_R2_Match,406,1,0.99912804,1
00407.mp4,Driving in Lane,PV stopped,R1_R2_Match,407,1,0.9993457,1
00408.mp4,Driving in Lane,PV cut-in,R1_R2_Match,408,1,0.9789049,1
00410.mp4,Driving in Lane,PV stopped,R1_R2_Match,410,1,0.9920139,1
00411.mp4,Leaving Lane,SV @ target lane,R1_R2_Match,411,1,0.9926197,1
00413.mp4,Driving in Lane,PV stopped,R1_R2_Match,413,1,0.99792755,1
00416.mp4,Driving in Lane,PV stopped,R1_R2_Match,416,1,0.9740096,1
00417.mp4,Driving in Lane,PV braking / slower,R1_R2_Match,417,1,0.9976451,1
00418.mp4,Driving in Lane,PV stopped,R1_R2_Match,418,1,0.99846673,1
00422.mp4,Driving in Lane,PV cut-in,R1_R2_Match,422,1,0.98801416,1
00423.mp4,Leaving Lane,SV @ target lane,R1_R2_Match,423,1,0.9883972,1
00424.mp4,Turning at intersection,PV Slower / Braking / Stopped,R1_R2_Match,424,1,0.99882644,1
00426.mp4,Driving in Lane,PV stopped,R1_R2_Match,426,1,0.9873302,1
00428.mp4,Turning at intersection,PV Slower / Braking / Stopped,R1_R2_Match,428,1,0.9993063,1
00434.mp4,Straight at intersection,Other vehicle approaching from side,R1_R2_Match,434,1,0.99745995,1
00435.mp4,Straight at intersection,Other vehicle approaching from side,R1_R2_Match,435,1,0.997269,1
00437.mp4,Driving in Lane,PV stopped,R1_R2_Match,437,1,0.9988054,1
00440.mp4,Turning at intersection,PV Slower / Braking / Stopped,R1_R2_Match,440,1,0.9988255,1
00441.mp4,Driving in Lane,PV stopped,R1_R2_Match,441,1,0.9548893,1
00444.mp4,Driving in Lane,PV stopped,R1_R2_Match,444,1,0.9782049,1
00447.mp4,Turning at intersection,Other vehicle on the adjacent lane,R1_R2_Match,447,1,0.822915,1
00449.mp4,Turning at intersection,Other vehicle approaching from side,R1_R2_Match,449,1,0.8717451,1
00450.mp4,Driving in Lane,PV stopped,R1_R2_Match,450,1,0.9972149,1
00452.mp4,Turning at intersection,PV Slower / Braking / Stopped,R1_R2_Match,452,1,0.99425757,1
00454.mp4,Leaving Lane,PV @ target lane,R1_R2_Match,454,1,0.99789065,1
00455.mp4,Driving in Lane,PV cut-in,R1_R2_Match,455,1,0.99638957,1
00456.mp4,Driving in Lane,PV cut-in,R1_R2_Match,456,1,0.59603405,1
00458.mp4,Straight at intersection,PV Slower / Braking / Stopped,R1_R2_Match,458,1,0.9980921,1
00461.mp4,Driving in Lane,PV braking / slower,R1_R2_Match,461,1,0.99853444,1
00464.mp4,Driving in Lane,PV cut-in,R1_R2_Match,464,1,0.9790725,1
00469.mp4,Driving in Lane,PV cut-in,R1_R2_Match,469,1,0.70230573,1
00471.mp4,Driving in Lane,PV braking / slower,R1_R2_Match,471,1,0.99796695,1
00473.mp4,Driving in Lane,PV braking / slower,R1_R2_Match,473,1,0.99900264,1
00474.mp4,Driving in Lane,PV cut-in,R1_R2_Match,474,1,0.9966781,1
00479.mp4,Straight at intersection,Other vehicle approaching from side,R1_R2_Match,479,1,0.9879908,1
00480.mp4,Driving in Lane,PV stopped,R1_R2_Match,480,1,0.99907047,1
00481.mp4,Straight at intersection,Other vehicle approaching from side,R1_R2_Match,481,1,0.97405076,1
00485.mp4,Leaving Lane,PV @ target lane,R1_R2_Match,485,1,0.99604625,1
00486.mp4,Driving in Lane,PV stopped,R1_R2_Match,486,1,0.9870047,1
00487.mp4,Straight at intersection,Other vehicle approaching from side,R1_R2_Match,487,1,0.99742126,1
00488.mp4,Other,Add Comment,R1_R2_Match,488,1,0.9975311,1
00493.mp4,Leaving Lane,PV @ target lane,R1_R2_Match,493,1,0.99332327,1
00494.mp4,Turning at intersection,PV Slower / Braking / Stopped,R1_R2_Match,494,1,0.9991491,1
00495.mp4,Driving in Lane,PV stopped,R1_R2_Match,495,1,0.99828523,1
00496.mp4,Straight at intersection,PV Slower / Braking / Stopped,R1_R2_Match,496,1,0.9987294,1
00498.mp4,Turning at intersection,PV Slower / Braking / Stopped,R1_R2_Match,498,1,0.98728615,1
00500.mp4,Driving in Lane,PV stopped,R1_R2_Match,500,1,0.90665305,1
00501.mp4,Straight at intersection,PV Slower / Braking / Stopped,R1_R2_Match,501,1,0.98480636,1
00503.mp4,Driving in Lane,PV stopped,R1_R2_Match,503,1,0.99832183,1
00506.mp4,Straight at intersection,Other vehicle approaching from side,R1_R2_Match,506,1,0.99833775,1
00512.mp4,Driving in Lane,PV cut-in,R1_R2_Match,512,1,0.74233603,1
00517.mp4,Straight at intersection,Other vehicle approaching from side,R1_R2_Match,517,1,0.9913537,1
00520.mp4,Straight at intersection,Other vehicle approaching from side,R1_R2_Match,520,1,0.99802727,1
00521.mp4,Turning at intersection,PV Slower / Braking / Stopped,R1_R2_Match,521,1,0.99924684,1
00522.mp4,Driving in Lane,PV cut-in,R1_R2_Match,522,1,0.9479067,1
00523.mp4,Driving in Lane,PV cut-in,R1_R2_Match,523,1,0.7446354,1
00526.mp4,Turning at intersection,Other vehicle approaching from front / opposite,R1_R2_Match,526,1,0.96747845,1
00527.mp4,Driving in Lane,PV stopped,R1_R2_Match,527,1,0.9990428,1
00528.mp4,Driving in Lane,PV stopped,R1_R2_Match,528,1,0.9941017,1
00530.mp4,Driving in Lane,PV cut-in,R1_R2_Match,530,1,0.97879636,1
00534.mp4,Driving in Lane,PV stopped,R1_R2_Match,534,1,0.9975205,1
00537.mp4,Straight at intersection,Other vehicle approaching from side,R1_R2_Match,537,1,0.9901522,1
00540.mp4,Straight at intersection,Other vehicle approaching from side,R1_R2_Match,540,1,0.98227733,1
00542.mp4,Straight at intersection,Other vehicle approaching from side,R1_R2_Match,542,1,0.9808687,1
00543.mp4,Driving in Lane,PV stopped,R1_R2_Match,543,1,0.99941516,1
00544.mp4,Driving in Lane,PV stopped,R1_R2_Match,544,1,0.9977962,1
00547.mp4,Driving in Lane,PV stopped,R1_R2_Match,547,1,0.99407935,1
00549.mp4,Straight at intersection,Other vehicle approaching from side,R1_R2_Match,549,1,0.9778943,1
00550.mp4,Driving in Lane,PV stopped,R1_R2_Match,550,1,0.99317837,1
00553.mp4,Straight at intersection,Other vehicle approaching from front / opposite,R1_R2_Match,553,1,0.9987685,1
00556.mp4,Straight at intersection,Other vehicle approaching from side,R1_R2_Match,556,1,0.98202467,1
00557.mp4,Driving in Lane,PV cut-in,R1_R2_Match,557,1,0.9891087,1
00560.mp4,Driving in Lane,PV cut-in,R1_R2_Match,560,1,0.9909683,1
00562.mp4,Driving in Lane,PV cut-in,R1_R2_Match,562,1,0.961407,1
00564.mp4,Driving in Lane,PV stopped,R1_R2_Match,564,1,0.9933088,1
00567.mp4,Driving in Lane,PV cut-in,R1_R2_Match,567,1,0.98451346,1
00570.mp4,Driving in Lane,PV cut-in,R1_R2_Match,570,1,0.98242235,1
00573.mp4,Driving in Lane,PV cut-in,R1_R2_Match,573,0,0.0055927034,1
00574.mp4,Driving in Lane,PV cut-in,R1_R2_Match,574,1,0.8320633,1
00577.mp4,Driving in Lane,PV cut-in,R1_R2_Match,577,1,0.9368598,1
00579.mp4,Driving in Lane,PV cut-in,R1_R2_Match,579,1,0.9953377,1
00580.mp4,Driving in Lane,Oncoming vehicle,R1_R2_Match,580,1,0.9468453,1
00583.mp4,Driving in Lane,PV braking / slower,R1_R2_Match,583,1,0.997391,1
00585.mp4,Driving in Lane,PV cut-in,R1_R2_Match,585,1,0.9823371,1
00586.mp4,Driving in Lane,PV stopped,R1_R2_Match,586,1,0.9978011,1
00587.mp4,Driving in Lane,PV cut-in,R1_R2_Match,587,1,0.9915733,1
00588.mp4,Driving in Lane,PV cut-in,R1_R2_Match,588,1,0.98749304,1
00590.mp4,Driving in Lane,PV braking / slower,R1_R2_Match,590,1,0.99873954,1
00596.mp4,Driving in Lane,PV cut-in,R1_R2_Match,596,1,0.9939355,1
00599.mp4,Driving in Lane,PV stopped,R1_R2_Match,599,1,0.990072,1
00600.mp4,Driving in Lane,PV stopped,R1_R2_Match,600,1,0.99513763,1
00601.mp4,Driving in Lane,PV stopped,R1_R2_Match,601,1,0.79596496,1
00602.mp4,Driving in Lane,PV cut-in,R1_R2_Match,602,1,0.98961955,1
00603.mp4,Driving in Lane,PV cut-in,R1_R2_Match,603,1,0.9677251,1
00605.mp4,Straight at intersection,Other vehicle approaching from side,R1_R2_Match,605,1,0.996108,1
00607.mp4,Driving in Lane,PV cut-out,R1_R2_Match,607,1,0.96349496,1
00608.mp4,Driving in Lane,PV stopped,R1_R2_Match,608,1,0.9989631,1
00610.mp4,Driving in Lane,PV cut-in,R1_R2_Match,610,1,0.998519,1
00613.mp4,Driving in Lane,PV cut-in,R1_R2_Match,613,1,0.9927326,1
00617.mp4,Driving in Lane,PV cut-in,R1_R2_Match,617,1,0.98339176,1
00618.mp4,Driving in Lane,PV cut-in,R1_R2_Match,618,1,0.9851627,1
00622.mp4,Driving in Lane,PV braking / slower,R1_R2_Match,622,1,0.99098176,1
00624.mp4,Straight at intersection,Other vehicle approaching from side,R1_R2_Match,624,1,0.9938453,1
00625.mp4,Driving in Lane,Other,R1_R2_Match,625,1,0.9960056,1
00629.mp4,Turning at intersection,Other vehicle approaching from front / opposite,R1_R2_Match,629,1,0.9964328,1
00633.mp4,Driving in Lane,PV cut-in,R1_R2_Match,633,1,0.9975338,1
00634.mp4,Straight at intersection,Other vehicle approaching from side,R1_R2_Match,634,1,0.9982274,1
00637.mp4,Driving in Lane,PV cut-in,R1_R2_Match,637,1,0.99595284,1
00639.mp4,Driving in Lane,PV braking / slower,R1_R2_Match,639,1,0.9924826,1
00640.mp4,Driving in Lane,PV cut-in,R1_R2_Match,640,1,0.9927649,1
00641.mp4,Driving in Lane,PV stopped,R1_R2_Match,641,1,0.9371419,1
00642.mp4,Turning at intersection,PV Slower / Braking / Stopped,R1_R2_Match,642,1,0.9942563,1
00644.mp4,Driving in Lane,PV cut-in,R1_R2_Match,644,1,0.5434243,1
00647.mp4,Driving in Lane,PV cut-in,R1_R2_Match,647,1,0.99011606,1
00653.mp4,Driving in Lane,PV cut-in,R1_R2_Match,653,1,0.99720323,1
00655.mp4,Turning at intersection,Other vehicle approaching from side,R1_R2_Match,655,1,0.9888474,1
00657.mp4,Straight at intersection,Other vehicle approaching from front / opposite,R1_R2_Match,657,1,0.9928799,1
00658.mp4,Driving in Lane,PV cut-in,R1_R2_Match,658,1,0.98689353,1
00660.mp4,Driving in Lane,PV cut-in,R1_R2_Match,660,1,0.9346978,1
00663.mp4,Leaving Lane,SV @ target lane,R1_R2_Match,663,1,0.9938403,1
00664.mp4,Driving in Lane,PV cut-in,R1_R2_Match,664,1,0.99463034,1
00665.mp4,Turning at intersection,PV Slower / Braking / Stopped,R1_R2_Match,665,1,0.997926,1
00668.mp4,Driving in Lane,PV cut-in,R1_R2_Match,668,1,0.9899282,1
00669.mp4,Straight at intersection,Other,R1_R2_Match,669,0,0.39706847,1
00673.mp4,Straight at intersection,Other vehicle approaching from side,R1_R2_Match,673,1,0.9825211,1
00675.mp4,Driving in Lane,PV cut-in,R1_R2_Match,675,1,0.9625695,1
00677.mp4,Straight at intersection,Other vehicle on the adjacent lane,R1_R2_Match,677,1,0.975425,1
00683.mp4,Driving in Lane,Oncoming vehicle,R1_R2_Match,683,1,0.97917753,1
00684.mp4,Driving in Lane,PV cut-in,R1_R2_Match,684,1,0.9901924,1
00686.mp4,Driving in Lane,PV cut-in,R1_R2_Match,686,1,0.9958085,1
00687.mp4,Turning at intersection,Other vehicle on the adjacent lane,R1_R2_Match,687,1,0.98943514,1
00688.mp4,Straight at intersection,PV Slower / Braking / Stopped,R1_R2_Match,688,1,0.99801207,1
00690.mp4,Straight at intersection,Other vehicle approaching from front / opposite,R1_R2_Match,690,1,0.9983524,1
00691.mp4,Driving in Lane,PV braking / slower,R1_R2_Match,691,1,0.9973822,1
00692.mp4,Driving in Lane,PV braking / slower,R1_R2_Match,692,1,0.998151,1
00693.mp4,Driving in Lane,Other,R1_R2_Match,693,1,0.9870682,1
00694.mp4,Turning at intersection,PV Slower / Braking / Stopped,R1_R2_Match,694,1,0.9991653,1
00695.mp4,Turning at intersection,Other vehicle on the adjacent lane,R1_R2_Match,695,1,0.9974058,1
00696.mp4,Straight at intersection,PV Slower / Braking / Stopped,R1_R2_Match,696,1,0.9929133,1
00698.mp4,Driving in Lane,PV cut-in,R1_R2_Match,698,0,0.15817937,1
00699.mp4,Leaving Lane,SV @ target lane,R1_R2_Match,699,1,0.9825341,1
00700.mp4,Driving in Lane,PV cut-in,R1_R2_Match,700,1,0.9980299,1
00701.mp4,Driving in Lane,PV cut-in,R1_R2_Match,701,1,0.96323496,1
00703.mp4,Driving in Lane,PV braking / slower,R1_R2_Match,703,1,0.9994306,1
00704.mp4,Driving in Lane,PV cut-in,R1_R2_Match,704,1,0.95809585,1
00705.mp4,Driving in Lane,PV cut-in,R1_R2_Match,705,1,0.8325308,1
00707.mp4,Driving in Lane,PV cut-in,R1_R2_Match,707,1,0.99818975,1
00709.mp4,Straight at intersection,Other vehicle approaching from side,R1_R2_Match,709,1,0.9781991,1
00712.mp4,Straight at intersection,Other vehicle approaching from side,R1_R2_Match,712,1,0.9962282,1
00713.mp4,Driving in Lane,PV cut-in,R1_R2_Match,713,1,0.99456584,1
00714.mp4,Driving in Lane,PV cut-in,R1_R2_Match,714,0,0.49015644,1
00719.mp4,Turning at intersection,PV Slower / Braking / Stopped,R1_R2_Match,719,1,0.99195236,1
00722.mp4,Driving in Lane,PV stopped,R1_R2_Match,722,1,0.9963225,1
00725.mp4,Driving in Lane,PV braking / slower,R1_R2_Match,725,1,0.91357976,1
00727.mp4,Straight at intersection,Other vehicle approaching from side,R1_R2_Match,727,1,0.87817895,1
00730.mp4,Driving in Lane,PV cut-in,R1_R2_Match,730,1,0.9965558,1
00731.mp4,Driving in Lane,PV stopped,R1_R2_Match,731,1,0.99807286,1
00735.mp4,Driving in Lane,PV cut-in,R1_R2_Match,735,1,0.97573906,1
00737.mp4,Straight at intersection,Other vehicle approaching from side,R1_R2_Match,737,1,0.9925304,1
00739.mp4,Driving in Lane,PV cut-in,R1_R2_Match,739,1,0.94756186,1
00740.mp4,Straight at intersection,Other vehicle approaching from side,R1_R2_Match,740,1,0.9766357,1
00741.mp4,Straight at intersection,Other vehicle on the adjacent lane,R1_R2_Match,741,1,0.9429033,1
00744.mp4,Driving in Lane,PV cut-in,R1_R2_Match,744,1,0.8144461,1
00745.mp4,Driving in Lane,PV cut-in,R1_R2_Match,745,1,0.99510574,1
00747.mp4,Driving in Lane,PV cut-in,R1_R2_Match,747,1,0.95084256,1
00748.mp4,Driving in Lane,PV cut-in,R1_R2_Match,748,1,0.95506054,1
00750.mp4,Driving in Lane,PV cut-in,R1_R2_Match,750,1,0.9974463,1
00751.mp4,Straight at intersection,Other vehicle approaching from side,R1_R2_Match,751,1,0.9920109,1
00753.mp4,Leaving Lane,PV @ target lane,R1_R2_Match,753,1,0.98103595,1
00754.mp4,Leaving Lane,PV @ target lane,R1_R2_Match,754,1,0.95392156,1
00755.mp4,Driving in Lane,PV cut-in,R1_R2_Match,755,1,0.5269933,1
00757.mp4,Driving in Lane,PV cut-in,R1_R2_Match,757,1,0.9961893,1
00758.mp4,Driving in Lane,Oncoming vehicle,R1_R2_Match,758,1,0.7836342,1
00761.mp4,Straight at intersection,Other vehicle approaching from side,R1_R2_Match,761,1,0.96345896,1
00762.mp4,Driving in Lane,PV stopped,R1_R2_Match,762,1,0.9939814,1
00763.mp4,Driving in Lane,PV cut-in,R1_R2_Match,763,1,0.9965976,1
00765.mp4,Driving in Lane,PV cut-in,R1_R2_Match,765,1,0.98838145,1
00766.mp4,Straight at intersection,Other vehicle approaching from side,R1_R2_Match,766,1,0.99503326,1
00771.mp4,Turning at intersection,PV Slower / Braking / Stopped,R1_R2_Match,771,1,0.99008536,1
00773.mp4,Driving in Lane,PV cut-in,R1_R2_Match,773,1,0.9978543,1
00774.mp4,Turning at intersection,Other vehicle approaching from front / opposite,R1_R2_Match,774,1,0.99617803,1
00776.mp4,Driving in Lane,PV cut-in,R1_R2_Match,776,1,0.70747036,1
00777.mp4,Driving in Lane,PV braking / slower,R1_R2_Match,777,1,0.9841928,1
00780.mp4,Driving in Lane,PV cut-in,R1_R2_Match,780,1,0.9988115,1
00782.mp4,Turning at intersection,PV Slower / Braking / Stopped,R1_R2_Match,782,1,0.99803656,1
00784.mp4,Driving in Lane,PV braking / slower,R1_R2_Match,784,1,0.99677974,1
00785.mp4,Turning at intersection,Other vehicle approaching from side,R1_R2_Match,785,1,0.9954887,1
00787.mp4,Straight at intersection,PV Slower / Braking / Stopped,R1_R2_Match,787,1,0.9989091,1
00791.mp4,Turning at intersection,PV Slower / Braking / Stopped,R1_R2_Match,791,1,0.99805176,1
00792.mp4,Driving in Lane,PV braking / slower,R1_R2_Match,792,1,0.998295,1
00793.mp4,Driving in Lane,PV stopped,R1_R2_Match,793,1,0.98982656,1
00802.mp4,Straight at intersection,Other vehicle approaching from side,R1_R2_Match,802,1,0.9960603,1
00803.mp4,Turning at intersection,PV Slower / Braking / Stopped,R1_R2_Match,803,1,0.98386776,1
00809.mp4,Driving in Lane,PV cut-in,R1_R2_Match,809,1,0.9979977,1
00810.mp4,Driving in Lane,PV cut-in,R1_R2_Match,810,1,0.94522935,1
00813.mp4,Driving in Lane,PV cut-in,R1_R2_Match,813,1,0.99781716,1
00816.mp4,Driving in Lane,Oncoming vehicle,R1_R2_Match,816,1,0.9954875,1
00823.mp4,Driving in Lane,Oncoming vehicle,R1_R2_Match,823,0,0.3483231,1
00825.mp4,Turning at intersection,Other vehicle approaching from side,R1_R2_Match,825,1,0.98856306,1
00827.mp4,Other,Add Comment,R1_R2_Match,827,1,0.99682415,1
00828.mp4,Driving in Lane,PV cut-in,R1_R2_Match,828,1,0.94864553,1
00830.mp4,Driving in Lane,PV cut-in,R1_R2_Match,830,1,0.944223,1
00831.mp4,Driving in Lane,PV cut-in,R1_R2_Match,831,1,0.9888736,1
00832.mp4,Driving in Lane,PV cut-in,R1_R2_Match,832,1,0.98746026,1
00833.mp4,Other,Add Comment,R1_R2_Match,833,1,0.7907356,1
00834.mp4,Driving in Lane,PV stopped,R1_R2_Match,834,1,0.99455124,1
00836.mp4,Driving in Lane,PV cut-in,R1_R2_Match,836,1,0.9927648,1
00838.mp4,Driving in Lane,PV stopped,R1_R2_Match,838,1,0.99875987,1
00840.mp4,Driving in Lane,PV cut-in,R1_R2_Match,840,1,0.983431,1
00841.mp4,Driving in Lane,PV cut-in,R1_R2_Match,841,1,0.98524886,1
00842.mp4,Driving in Lane,PV cut-in,R1_R2_Match,842,1,0.99676526,1
00846.mp4,Driving in Lane,PV cut-in,R1_R2_Match,846,1,0.9853923,1
00849.mp4,Straight at intersection,Other vehicle approaching from side,R1_R2_Match,849,1,0.99881697,1
00851.mp4,Driving in Lane,PV cut-in,R1_R2_Match,851,1,0.9336481,1
00854.mp4,Driving in Lane,PV cut-in,R1_R2_Match,854,1,0.97004706,1
00856.mp4,Driving in Lane,PV cut-in,R1_R2_Match,856,1,0.9406701,1
00857.mp4,Driving in Lane,PV cut-in,R1_R2_Match,857,1,0.8520496,1
00859.mp4,Driving in Lane,PV cut-in,R1_R2_Match,859,1,0.9914296,1
00861.mp4,Driving in Lane,PV cut-in,R1_R2_Match,861,1,0.9986015,1
00863.mp4,Driving in Lane,PV cut-in,R1_R2_Match,863,1,0.9786773,1
00867.mp4,Driving in Lane,PV cut-in,R1_R2_Match,867,1,0.96982735,1
00872.mp4,Driving in Lane,PV cut-in,R1_R2_Match,872,1,0.9972121,1
00873.mp4,Straight at intersection,Other vehicle approaching from side,R1_R2_Match,873,0,0.3361053,1
00874.mp4,Driving in Lane,PV stopped,R1_R2_Match,874,1,0.9926973,1
00876.mp4,Driving in Lane,PV cut-in,R1_R2_Match,876,1,0.933401,1
00877.mp4,Driving in Lane,PV cut-in,R1_R2_Match,877,1,0.9965017,1
00879.mp4,Driving in Lane,PV cut-in,R1_R2_Match,879,1,0.99663746,1
00880.mp4,Driving in Lane,PV cut-in,R1_R2_Match,880,1,0.86172813,1
00881.mp4,Driving in Lane,PV cut-in,R1_R2_Match,881,0,0.002381596,1
00882.mp4,Driving in Lane,PV stopped,R1_R2_Match,882,1,0.972771,1
00884.mp4,Straight at intersection,Other vehicle approaching from side,R1_R2_Match,884,1,0.9271027,1
00804.mp4,Driving in Lane,PV cut-in,R1_R2_Match,804,1,0.9950052,1
00885.mp4,Straight at intersection,Other vehicle approaching from front / opposite,R1_R2_Match,885,1,0.9926622,1
00887.mp4,Driving in Lane,PV cut-in,R1_R2_Match,887,1,0.9384725,1
00888.mp4,Driving in Lane,PV cut-in,R1_R2_Match,888,1,0.9016353,1
00890.mp4,Straight at intersection,Other vehicle approaching from front / opposite,R1_R2_Match,890,1,0.9960188,1
00891.mp4,Driving in Lane,PV cut-in,R1_R2_Match,891,1,0.951745,1
00895.mp4,Straight at intersection,Other vehicle approaching from front / opposite,R1_R2_Match,895,1,0.9821338,1
00898.mp4,Driving in Lane,PV cut-in,R1_R2_Match,898,1,0.97506,1
00901.mp4,Driving in Lane,PV cut-in,R1_R2_Match,901,1,0.99865294,1
00902.mp4,Straight at intersection,Other vehicle on the adjacent lane,R1_R2_Match,902,1,0.76788765,1
00903.mp4,Straight at intersection,Other vehicle approaching from side,R1_R2_Match,903,1,0.99635375,1
00905.mp4,Other,Add Comment,R1_R2_Match,905,1,0.9937902,1
00906.mp4,Turning at intersection,Other vehicle on the adjacent lane,R1_R2_Match,906,1,0.9970356,1
00909.mp4,Straight at intersection,Other vehicle approaching from side,R1_R2_Match,909,1,0.9980603,1
00910.mp4,Turning at intersection,PV Slower / Braking / Stopped,R1_R2_Match,910,1,0.99909306,1
00912.mp4,Driving in Lane,PV stopped,R1_R2_Match,912,1,0.9932458,1
00914.mp4,Driving in Lane,PV stopped,R1_R2_Match,914,1,0.99786085,1
00915.mp4,Driving in Lane,PV braking / slower,R1_R2_Match,915,1,0.99519134,1
00916.mp4,Driving in Lane,PV cut-in,R1_R2_Match,916,1,0.9014346,1
00918.mp4,Turning at intersection,Other vehicle on the adjacent lane,R1_R2_Match,918,1,0.9552262,1
00923.mp4,Turning at intersection,Other vehicle approaching from side,R1_R2_Match,923,1,0.97038525,1
00926.mp4,Driving in Lane,PV cut-in,R1_R2_Match,926,1,0.9428741,1
00927.mp4,Straight at intersection,Other vehicle on the adjacent lane,R1_R2_Match,927,1,0.9982679,1
00928.mp4,Driving in Lane,PV braking / slower,R1_R2_Match,928,1,0.9972428,1
00929.mp4,Straight at intersection,Other vehicle approaching from front / opposite,R1_R2_Match,929,1,0.9975545,1
00931.mp4,Driving in Lane,PV cut-in,R1_R2_Match,931,1,0.92152834,1
00935.mp4,Driving in Lane,PV cut-in,R1_R2_Match,935,1,0.99084353,1
00936.mp4,Driving in Lane,PV braking / slower,R1_R2_Match,936,1,0.9956911,1
00937.mp4,Driving in Lane,PV cut-in,R1_R2_Match,937,1,0.99834156,1
00938.mp4,Other,Add Comment,R1_R2_Match,938,1,0.82803917,1
00940.mp4,Driving in Lane,PV cut-in,R1_R2_Match,940,1,0.95022756,1
00942.mp4,Driving in Lane,PV cut-in,R1_R2_Match,942,1,0.98291427,1
00943.mp4,Straight at intersection,Other vehicle approaching from side,R1_R2_Match,943,1,0.98550826,1
00944.mp4,Driving in Lane,PV cut-in,R1_R2_Match,944,1,0.64557403,1
00945.mp4,Driving in Lane,PV cut-in,R1_R2_Match,945,1,0.99446183,1
00947.mp4,Driving in Lane,PV cut-in,R1_R2_Match,947,1,0.98951423,1
00948.mp4,Straight at intersection,Other vehicle approaching from side,R1_R2_Match,948,1,0.976914,1
00949.mp4,Driving in Lane,PV cut-in,R1_R2_Match,949,1,0.9958691,1
00955.mp4,Straight at intersection,Other vehicle approaching from side,R1_R2_Match,955,1,0.97275496,1
00957.mp4,Driving in Lane,PV cut-in,R1_R2_Match,957,1,0.9908112,1
00958.mp4,Driving in Lane,PV cut-in,R1_R2_Match,958,1,0.9343531,1
00959.mp4,Driving in Lane,PV cut-in,R1_R2_Match,959,1,0.92905605,1
00960.mp4,Turning at intersection,PV Slower / Braking / Stopped,R1_R2_Match,960,1,0.9969867,1
00963.mp4,Driving in Lane,PV cut-in,R1_R2_Match,963,1,0.9724253,1
00966.mp4,Driving in Lane,PV cut-in,R1_R2_Match,966,1,0.9942508,1
00967.mp4,Turning at intersection,Other vehicle approaching from side,R1_R2_Match,967,1,0.9951892,1
00968.mp4,Straight at intersection,Other vehicle on the adjacent lane,R1_R2_Match,968,1,0.99252194,1
00971.mp4,Leaving Lane,PV @ target lane,R1_R2_Match,971,1,0.9975562,1
00972.mp4,Driving in Lane,PV cut-in,R1_R2_Match,972,1,0.814902,1
00973.mp4,Other,Add Comment,R1_R2_Match,973,1,0.96883696,1
00976.mp4,Turning at intersection,Other vehicle on the adjacent lane,R1_R2_Match,976,1,0.9781747,1
00977.mp4,Driving in Lane,PV cut-in,R1_R2_Match,977,1,0.7886505,1
00978.mp4,Straight at intersection,Other vehicle on the adjacent lane,R1_R2_Match,978,1,0.9951782,1
00980.mp4,Driving in Lane,PV cut-in,R1_R2_Match,980,1,0.99394363,1
00981.mp4,Driving in Lane,PV cut-in,R1_R2_Match,981,1,0.98848957,1
00982.mp4,Driving in Lane,PV cut-in,R1_R2_Match,982,1,0.9959973,1
00983.mp4,Driving in Lane,PV cut-in,R1_R2_Match,983,1,0.9847869,1
00985.mp4,Straight at intersection,Other vehicle approaching from side,R1_R2_Match,985,1,0.9928363,1
00986.mp4,Straight at intersection,Other vehicle approaching from side,R1_R2_Match,986,1,0.89224386,1
00989.mp4,Driving in Lane,PV cut-in,R1_R2_Match,989,1,0.9969704,1
00990.mp4,Driving in Lane,PV cut-in,R1_R2_Match,990,1,0.9902284,1
00996.mp4,Driving in Lane,PV cut-out,R1_R2_Match,996,1,0.98994803,1
00997.mp4,Driving in Lane,PV cut-in,R1_R2_Match,997,1,0.99644405,1
01002.mp4,Driving in Lane,PV cut-in,R1_R2_Match,1002,1,0.9797156,1
01008.mp4,Driving in Lane,PV cut-in,R1_R2_Match,1008,1,0.6220715,1
01011.mp4,Turning at intersection,PV Slower / Braking / Stopped,R1_R2_Match,1011,1,0.9934348,1
01012.mp4,Driving in Lane,PV cut-in,R1_R2_Match,1012,1,0.9554839,1
01013.mp4,Driving in Lane,PV cut-in,R1_R2_Match,1013,1,0.98459226,1
01019.mp4,Driving in Lane,PV cut-in,R1_R2_Match,1019,1,0.9486321,1
01022.mp4,Driving in Lane,PV stopped,R1_R2_Match,1022,1,0.99534374,1
01024.mp4,Driving in Lane,PV cut-in,R1_R2_Match,1024,1,0.98472935,1
01028.mp4,Other,Add Comment,R1_R2_Match,1028,1,0.96431476,1
01033.mp4,Driving in Lane,PV cut-in,R1_R2_Match,1033,1,0.95626116,1
01034.mp4,Driving in Lane,PV cut-in,R1_R2_Match,1034,1,0.91338277,1
01039.mp4,Driving in Lane,PV cut-in,R1_R2_Match,1039,1,0.996856,1
00003.mp4,Driving in Lane,PV braking / slower,R3_SanityCheck,3,1,0.9992792,1
00005.mp4,Turning at intersection,Other vehicle on the adjacent lane,R3_SanityCheck,5,1,0.88096094,1
00006.mp4,Driving in Lane,PV braking / slower,R3_SanityCheck,6,1,0.99841297,1
00013.mp4,Straight at intersection,Other vehicle approaching from side,R3_SanityCheck,13,1,0.98730254,1
00014.mp4,Turning at intersection,Other vehicle approaching from front / opposite,R3_SanityCheck,14,1,0.987048,1
00015.mp4,Driving in Lane,PV stopped,R3_SanityCheck,15,1,0.9971284,1
00016.mp4,Leaving Lane,SV @ target lane,R3_SanityCheck,16,1,0.95535946,1
00018.mp4,Straight at intersection,Other vehicle approaching from side,R3_SanityCheck,18,1,0.93818444,1
00019.mp4,Straight at intersection,Other vehicle approaching from side,R3_SanityCheck,19,1,0.9984805,1
00023.mp4,Turning at intersection,Other vehicle approaching from side,R3_SanityCheck,23,1,0.9929462,1
00026.mp4,Driving in Lane,Other,R3_SanityCheck,26,1,0.72289056,1
00027.mp4,Driving in Lane,PV stopped,R3_SanityCheck,27,1,0.9972505,1
00029.mp4,Driving in Lane,PV cut-in,R3_SanityCheck,29,1,0.9950865,1
00037.mp4,Straight at intersection,Other vehicle approaching from front / opposite,R3_SanityCheck,37,1,0.99927014,1
00039.mp4,Driving in Lane,PV stopped,R3_SanityCheck,39,1,0.9970868,1
00041.mp4,Driving in Lane,Other,R3_SanityCheck,41,1,0.99924207,1
00042.mp4,Straight at intersection,Other vehicle on the adjacent lane,R3_SanityCheck,42,1,0.996496,1
00046.mp4,Driving in Lane,PV stopped,R3_SanityCheck,46,1,0.99631184,1
00047.mp4,Straight at intersection,Other vehicle approaching from side,R3_SanityCheck,47,1,0.97939384,1
00048.mp4,Turning at intersection,Other vehicle on the adjacent lane,R3_SanityCheck,48,1,0.80714464,1
00049.mp4,Leaving Lane,SV @ target lane,R3_SanityCheck,49,1,0.97457176,1
00054.mp4,Turning at intersection,Other,R3_SanityCheck,54,1,0.9716831,1
00063.mp4,Straight at intersection,Other vehicle on the adjacent lane,R3_SanityCheck,63,1,0.997271,1
00064.mp4,Leaving Lane,SV @ target lane,R3_SanityCheck,64,1,0.85795915,1
00071.mp4,Leaving Lane,SV @ target lane,R3_SanityCheck,71,1,0.9903105,1
00072.mp4,Turning at intersection,Other vehicle on the adjacent lane,R3_SanityCheck,72,1,0.58138216,1
00076.mp4,Leaving Lane,SV @ target lane,R3_SanityCheck,76,1,0.9209713,1
00077.mp4,Driving in Lane,PV cut-in,R3_SanityCheck,77,1,0.9988084,1
00078.mp4,Driving in Lane,PV braking / slower,R3_SanityCheck,78,1,0.98928344,1
00081.mp4,Straight at intersection,Other vehicle approaching from side,R3_SanityCheck,81,1,0.95856637,1
00036.mp4,Straight at intersection,Other vehicle approaching from side,R3_SanityCheck,36,1,0.9970017,1
00083.mp4,Driving in Lane,PV braking / slower,R3_SanityCheck,83,1,0.9726485,1
00085.mp4,Straight at intersection,Other vehicle on the adjacent lane,R3_SanityCheck,85,1,0.7851776,1
00090.mp4,Straight at intersection,Other vehicle approaching from front / opposite,R3_SanityCheck,90,1,0.9883632,1
00093.mp4,Driving in Lane,PV stopped,R3_SanityCheck,93,1,0.9810352,1
00095.mp4,Driving in Lane,Other,R3_SanityCheck,95,0,0.40773657,1
00097.mp4,Leaving Lane,SV @ target lane,R3_SanityCheck,97,1,0.7346677,1
00098.mp4,Driving in Lane,PV stopped,R3_SanityCheck,98,1,0.9991171,1
00099.mp4,Straight at intersection,Other vehicle on the adjacent lane,R3_SanityCheck,99,1,0.9807602,1
00106.mp4,Turning at intersection,Other vehicle approaching from front / opposite,R3_SanityCheck,106,1,0.99693394,1
00108.mp4,Other,Add Comment,R3_SanityCheck,108,0,0.011577368,1
00110.mp4,Driving in Lane,PV cut-in,R3_SanityCheck,110,1,0.99884474,1
00111.mp4,Driving in Lane,PV stopped,R3_SanityCheck,111,1,0.99848264,1
00114.mp4,Driving in Lane,Other,R3_SanityCheck,114,1,0.9991794,1
00117.mp4,Leaving Lane,SV @ target lane,R3_SanityCheck,117,1,0.7697815,1
00119.mp4,Straight at intersection,Other vehicle approaching from side,R3_SanityCheck,119,1,0.8947581,1
00124.mp4,Driving in Lane,PV cut-out,R3_SanityCheck,124,1,0.9995394,1
00133.mp4,Leaving Lane,PV @ target lane,R3_SanityCheck,133,1,0.99850225,1
00135.mp4,Turning at intersection,Other vehicle on the adjacent lane,R3_SanityCheck,135,1,0.97765803,1
00138.mp4,Leaving Lane,SV @ target lane,R3_SanityCheck,138,1,0.9943357,1
00141.mp4,Driving in Lane,PV stopped,R3_SanityCheck,141,1,0.9926186,1
00142.mp4,Straight at intersection,Other vehicle on the adjacent lane,R3_SanityCheck,142,1,0.9820331,1
00147.mp4,Turning at intersection,Other vehicle on the adjacent lane,R3_SanityCheck,147,1,0.93719757,1
00148.mp4,Straight at intersection,Other vehicle on the adjacent lane,R3_SanityCheck,148,1,0.99653614,1
00152.mp4,Turning at intersection,Other,R3_SanityCheck,152,1,0.9261919,1
00153.mp4,Driving in Lane,PV braking / slower,R3_SanityCheck,153,1,0.9969663,1
00154.mp4,Turning at intersection,Other vehicle approaching from front / opposite,R3_SanityCheck,154,1,0.97579885,1
00155.mp4,Straight at intersection,Other vehicle approaching from side,R3_SanityCheck,155,1,0.71068203,1
00158.mp4,Driving in Lane,PV cut-in,R3_SanityCheck,158,1,0.9994771,1
00162.mp4,Straight at intersection,Other vehicle on the adjacent lane,R3_SanityCheck,162,1,0.9658117,1
00164.mp4,Driving in Lane,PV braking / slower,R3_SanityCheck,164,1,0.9732702,1
00167.mp4,Leaving Lane,SV @ target lane,R3_SanityCheck,167,1,0.9481754,1
00169.mp4,Turning at intersection,Other vehicle on the adjacent lane,R3_SanityCheck,169,1,0.92973477,1
00170.mp4,Other,Add Comment,R3_SanityCheck,170,1,0.99899167,1
00172.mp4,Straight at intersection,Other vehicle approaching from front / opposite,R3_SanityCheck,172,1,0.98820424,1
00177.mp4,Turning at intersection,Other vehicle approaching from side,R3_SanityCheck,177,1,0.9960271,1
00179.mp4,Driving in Lane,PV braking / slower,R3_SanityCheck,179,1,0.9986883,1
00181.mp4,Driving in Lane,PV stopped,R3_SanityCheck,181,1,0.99859565,1
00184.mp4,Straight at intersection,Other vehicle on the adjacent lane,R3_SanityCheck,184,1,0.9928901,1
00187.mp4,Leaving Lane,SV @ target lane,R3_SanityCheck,187,1,0.91549414,1
00194.mp4,Driving in Lane,PV braking / slower,R3_SanityCheck,194,1,0.9919355,1
00200.mp4,Driving in Lane,PV cut-in,R3_SanityCheck,200,1,0.9455036,1
00201.mp4,Leaving Lane,SV @ target lane,R3_SanityCheck,201,1,0.9964965,1
00205.mp4,Driving in Lane,PV braking / slower,R3_SanityCheck,205,1,0.99839056,1
00209.mp4,Straight at intersection,Other vehicle on the adjacent lane,R3_SanityCheck,209,1,0.9974642,1
00225.mp4,Other,Add Comment,R3_SanityCheck,225,1,0.9992235,1
00228.mp4,Driving in Lane,PV braking / slower,R3_SanityCheck,228,1,0.99832827,1
00235.mp4,Other,Add Comment,R3_SanityCheck,235,1,0.9901564,1
00239.mp4,Turning at intersection,Other vehicle on the adjacent lane,R3_SanityCheck,239,1,0.8702354,1
00240.mp4,Driving in Lane,PV braking / slower,R3_SanityCheck,240,1,0.98649037,1
00250.mp4,Driving in Lane,PV braking / slower,R3_SanityCheck,250,1,0.9976545,1
00253.mp4,Other,Add Comment,R3_SanityCheck,253,1,0.9957683,1
00256.mp4,Leaving Lane,PV @ target lane,R3_SanityCheck,256,1,0.9962297,1
00260.mp4,Straight at intersection,Other vehicle on the adjacent lane,R3_SanityCheck,260,1,0.9991584,1
00262.mp4,Driving in Lane,PV braking / slower,R3_SanityCheck,262,1,0.97855127,1
00263.mp4,Turning at intersection,Other vehicle on the adjacent lane,R3_SanityCheck,263,1,0.97986823,1
00265.mp4,Driving in Lane,PV braking / slower,R3_SanityCheck,265,1,0.99791235,1
00269.mp4,Straight at intersection,Other vehicle approaching from side,R3_SanityCheck,269,1,0.9869604,1
00276.mp4,Straight at intersection,PV Slower / Braking / Stopped,R3_SanityCheck,276,1,0.99867946,1
00282.mp4,Turning at intersection,PV Slower / Braking / Stopped,R3_SanityCheck,282,1,0.99734575,1
00283.mp4,Other,Add Comment,R3_SanityCheck,283,1,0.99835783,1
00284.mp4,Straight at intersection,Other vehicle approaching from front / opposite,R3_SanityCheck,284,1,0.9935174,1
00287.mp4,Leaving Lane,PV @ target lane,R3_SanityCheck,287,1,0.9240635,1
00288.mp4,Driving in Lane,Other,R3_SanityCheck,288,1,0.9171477,1
00289.mp4,Straight at intersection,Other vehicle approaching from side,R3_SanityCheck,289,1,0.9990044,1
00290.mp4,Driving in Lane,PV braking / slower,R3_SanityCheck,290,1,0.9988464,1
00292.mp4,Driving in Lane,PV cut-in,R3_SanityCheck,292,1,0.9990767,1
00296.mp4,Turning at intersection,Other vehicle on the adjacent lane,R3_SanityCheck,296,1,0.93494,1
00302.mp4,Driving in Lane,PV cut-in,R3_SanityCheck,302,1,0.9928819,1
00308.mp4,Driving in Lane,PV braking / slower,R3_SanityCheck,308,1,0.99783355,1
00309.mp4,Driving in Lane,Other,R3_SanityCheck,309,1,0.9416058,1
00318.mp4,Driving in Lane,Oncoming vehicle,R3_SanityCheck,318,1,0.9977063,1
00326.mp4,Driving in Lane,PV cut-in,R3_SanityCheck,326,1,0.9772931,1
00336.mp4,Driving in Lane,PV cut-in,R3_SanityCheck,336,1,0.8400032,1
00341.mp4,Turning at intersection,PV Slower / Braking / Stopped,R3_SanityCheck,341,1,0.9969183,1
00342.mp4,Driving in Lane,Other,R3_SanityCheck,342,1,0.9916004,1
00343.mp4,Driving in Lane,PV braking / slower,R3_SanityCheck,343,1,0.997127,1
00344.mp4,Driving in Lane,PV braking / slower,R3_SanityCheck,344,1,0.9987483,1
00349.mp4,Driving in Lane,PV braking / slower,R3_SanityCheck,349,1,0.9983546,1
00351.mp4,Driving in Lane,PV cut-in,R3_SanityCheck,351,1,0.5366518,1
00353.mp4,Turning at intersection,Other vehicle on the adjacent lane,R3_SanityCheck,353,1,0.98350614,1
00361.mp4,Driving in Lane,PV braking / slower,R3_SanityCheck,361,1,0.99417216,1
00362.mp4,Driving in Lane,PV braking / slower,R3_SanityCheck,362,1,0.9983559,1
00363.mp4,Driving in Lane,PV braking / slower,R3_SanityCheck,363,1,0.99840957,1
00529.mp4,Driving in Lane,PV cut-in,R3_SanityCheck,529,1,0.9961733,1
00533.mp4,Leaving Lane,PV @ target lane,R3_SanityCheck,533,1,0.9989009,1
00538.mp4,Driving in Lane,Other,R3_SanityCheck,538,1,0.9718417,1
00539.mp4,Driving in Lane,PV cut-in,R3_SanityCheck,539,1,0.99585164,1
00541.mp4,Turning at intersection,Other vehicle approaching from front / opposite,R3_SanityCheck,541,1,0.9915399,1
00546.mp4,Driving in Lane,Other,R3_SanityCheck,546,1,0.9891065,1
00551.mp4,Turning at intersection,Other vehicle approaching from front / opposite,R3_SanityCheck,551,1,0.93380046,1
00554.mp4,Driving in Lane,PV braking / slower,R3_SanityCheck,554,1,0.9951984,1
00558.mp4,Driving in Lane,PV cut-in,R3_SanityCheck,558,1,0.9917759,1
00563.mp4,Driving in Lane,Other,R3_SanityCheck,563,0,0.1603891,1
00565.mp4,Driving in Lane,PV cut-in,R3_SanityCheck,565,1,0.9970143,1
00566.mp4,Turning at intersection,Other vehicle on the adjacent lane,R3_SanityCheck,566,1,0.98602027,1
00568.mp4,Leaving Lane,PV @ target lane,R3_SanityCheck,568,1,0.98877805,1
00571.mp4,Turning at intersection,Other vehicle on the adjacent lane,R3_SanityCheck,571,1,0.975298,1
00581.mp4,Straight at intersection,Other vehicle on the adjacent lane,R3_SanityCheck,581,1,0.9950801,1
00584.mp4,Leaving Lane,Other,R3_SanityCheck,584,1,0.978843,1
00589.mp4,Driving in Lane,PV braking / slower,R3_SanityCheck,589,1,0.9990687,1
00591.mp4,Turning at intersection,Other vehicle on the adjacent lane,R3_SanityCheck,591,1,0.99783903,1
00592.mp4,Turning at intersection,Other vehicle on the adjacent lane,R3_SanityCheck,592,1,0.9719491,1
00593.mp4,Straight at intersection,PV Slower / Braking / Stopped,R3_SanityCheck,593,1,0.9557586,1
00594.mp4,Driving in Lane,PV braking / slower,R3_SanityCheck,594,1,0.9994312,1
00597.mp4,Driving in Lane,PV braking / slower,R3_SanityCheck,597,0,0.22981583,1
00598.mp4,Driving in Lane,PV cut-in,R3_SanityCheck,598,1,0.931293,1
00604.mp4,Leaving Lane,SV @ target lane,R3_SanityCheck,604,1,0.9900872,1
00606.mp4,Leaving Lane,PV @ target lane,R3_SanityCheck,606,1,0.9968257,1
00609.mp4,Straight at intersection,Other vehicle approaching from side,R3_SanityCheck,609,1,0.87244606,1
00611.mp4,Driving in Lane,PV cut-in,R3_SanityCheck,611,1,0.9624875,1
00614.mp4,Straight at intersection,Other vehicle on the adjacent lane,R3_SanityCheck,614,1,0.99870145,1
00621.mp4,Driving in Lane,PV braking / slower,R3_SanityCheck,621,1,0.9969555,1
00623.mp4,Turning at intersection,Other vehicle on the adjacent lane,R3_SanityCheck,623,1,0.8549341,1
00626.mp4,Other,Add Comment,R3_SanityCheck,626,1,0.98794764,1
00627.mp4,Driving in Lane,PV cut-in,R3_SanityCheck,627,1,0.9758622,1
00630.mp4,Turning at intersection,PV Slower / Braking / Stopped,R3_SanityCheck,630,1,0.99880755,1
00635.mp4,Leaving Lane,RV @ target lane,R3_SanityCheck,635,1,0.97378993,1
00636.mp4,Driving in Lane,PV braking / slower,R3_SanityCheck,636,1,0.9953022,1
00638.mp4,Straight at intersection,Other vehicle approaching from side,R3_SanityCheck,638,1,0.960369,1
00643.mp4,Driving in Lane,PV cut-in,R3_SanityCheck,643,1,0.9920283,1
00645.mp4,Driving in Lane,PV braking / slower,R3_SanityCheck,645,1,0.95260787,1
00648.mp4,Driving in Lane,PV cut-in,R3_SanityCheck,648,1,0.998066,1
00650.mp4,Driving in Lane,PV braking / slower,R3_SanityCheck,650,1,0.9992716,1
00651.mp4,Driving in Lane,PV braking / slower,R3_SanityCheck,651,1,0.97820604,1
00652.mp4,Leaving Lane,SV @ target lane,R3_SanityCheck,652,1,0.9954633,1
00656.mp4,Driving in Lane,PV cut-in,R3_SanityCheck,656,1,0.98770356,1
00659.mp4,Turning at intersection,Other vehicle approaching from side,R3_SanityCheck,659,1,0.9972145,1
00661.mp4,Straight at intersection,Other vehicle on the adjacent lane,R3_SanityCheck,661,1,0.9975198,1
00666.mp4,Driving in Lane,PV stopped,R3_SanityCheck,666,1,0.5855138,1
00667.mp4,Driving in Lane,PV cut-in,R3_SanityCheck,667,1,0.9789889,1
00670.mp4,Leaving Lane,Object,R3_SanityCheck,670,1,0.9797753,1
00671.mp4,Driving in Lane,PV braking / slower,R3_SanityCheck,671,1,0.9971909,1
00674.mp4,Driving in Lane,Other,R3_SanityCheck,674,1,0.98400855,1
00678.mp4,Driving in Lane,PV braking / slower,R3_SanityCheck,678,0,0.040154956,1
00682.mp4,Straight at intersection,Other vehicle on the adjacent lane,R3_SanityCheck,682,1,0.98488563,1
00697.mp4,Leaving Lane,RV @ target lane,R3_SanityCheck,697,1,0.99256504,1
00702.mp4,Driving in Lane,PV cut-in,R3_SanityCheck,702,1,0.99155056,1
00710.mp4,Straight at intersection,PV Slower / Braking / Stopped,R3_SanityCheck,710,1,0.9978041,1
00715.mp4,Straight at intersection,Other vehicle approaching from side,R3_SanityCheck,715,1,0.9989518,1
00723.mp4,Driving in Lane,PV cut-in,R3_SanityCheck,723,1,0.7385348,1
00729.mp4,Driving in Lane,PV braking / slower,R3_SanityCheck,729,1,0.99199414,1
00733.mp4,Leaving Lane,Other,R3_SanityCheck,733,1,0.9887805,1
00734.mp4,Driving in Lane,PV braking / slower,R3_SanityCheck,734,1,0.9990482,1
00742.mp4,Turning at intersection,Other vehicle approaching from front / opposite,R3_SanityCheck,742,1,0.99165463,1
00769.mp4,Driving in Lane,PV cut-in,R3_SanityCheck,769,1,0.99404514,1
00783.mp4,Straight at intersection,Other vehicle approaching from front / opposite,R3_SanityCheck,783,1,0.9142053,1
00788.mp4,Driving in Lane,Other,R3_SanityCheck,788,1,0.9910617,1
00789.mp4,Driving in Lane,Other,R3_SanityCheck,789,1,0.98999536,1
00794.mp4,Driving in Lane,PV cut-in,R3_SanityCheck,794,1,0.9902631,1
00798.mp4,Straight at intersection,Other vehicle on the adjacent lane,R3_SanityCheck,798,1,0.9604682,1
00805.mp4,Driving in Lane,PV cut-in,R3_SanityCheck,805,1,0.99561846,1
00817.mp4,Driving in Lane,PV braking / slower,R3_SanityCheck,817,1,0.9852969,1
00818.mp4,Straight at intersection,Other vehicle on the adjacent lane,R3_SanityCheck,818,1,0.9029251,1
00819.mp4,Driving in Lane,PV braking / slower,R3_SanityCheck,819,1,0.99843115,1
00820.mp4,Driving in Lane,PV braking / slower,R3_SanityCheck,820,1,0.997797,1
00822.mp4,Straight at intersection,PV Slower / Braking / Stopped,R3_SanityCheck,822,1,0.99525285,1
00824.mp4,Driving in Lane,PV braking / slower,R3_SanityCheck,824,1,0.98499924,1
00835.mp4,Driving in Lane,Other,R3_SanityCheck,835,1,0.986381,1
00839.mp4,Driving in Lane,PV cut-in,R3_SanityCheck,839,1,0.953312,1
00843.mp4,Turning at intersection,Other vehicle on the adjacent lane,R3_SanityCheck,843,1,0.9979976,1
00845.mp4,Straight at intersection,Other vehicle on the adjacent lane,R3_SanityCheck,845,1,0.9901444,1
00847.mp4,Driving in Lane,PV braking / slower,R3_SanityCheck,847,1,0.9705916,1
00850.mp4,Driving in Lane,Other,R3_SanityCheck,850,1,0.9920672,1
00858.mp4,Driving in Lane,PV braking / slower,R3_SanityCheck,858,1,0.998522,1
00860.mp4,Driving in Lane,PV braking / slower,R3_SanityCheck,860,1,0.9974485,1
00864.mp4,Straight at intersection,Other vehicle approaching from side,R3_SanityCheck,864,1,0.97952616,1
00865.mp4,Driving in Lane,Other,R3_SanityCheck,865,1,0.9651473,1
00866.mp4,Other,Add Comment,R3_SanityCheck,866,1,0.99765104,1
00868.mp4,Straight at intersection,Other vehicle approaching from front / opposite,R3_SanityCheck,868,1,0.98467803,1
00869.mp4,Driving in Lane,PV cut-in,R3_SanityCheck,869,1,0.9720042,1
00875.mp4,Driving in Lane,PV cut-in,R3_SanityCheck,875,1,0.66646844,1
00883.mp4,Driving in Lane,PV braking / slower,R3_SanityCheck,883,1,0.7887327,1
00889.mp4,Driving in Lane,Other,R3_SanityCheck,889,1,0.99455255,1
00896.mp4,Other,Add Comment,R3_SanityCheck,896,1,0.9474771,1
00897.mp4,Driving in Lane,PV cut-in,R3_SanityCheck,897,1,0.9980465,1
00370.mp4,Straight at intersection,Other vehicle on the adjacent lane,R3_SanityCheck,370,1,0.99806696,1
00372.mp4,Straight at intersection,PV Slower / Braking / Stopped,R3_SanityCheck,372,1,0.99637294,1
00373.mp4,Straight at intersection,Other vehicle on the adjacent lane,R3_SanityCheck,373,1,0.9693755,1
00376.mp4,Driving in Lane,PV cut-in,R3_SanityCheck,376,1,0.8724602,1
00378.mp4,Straight at intersection,Other vehicle on the adjacent lane,R3_SanityCheck,378,1,0.93804014,1
00380.mp4,Leaving Lane,PV @ target lane,R3_SanityCheck,380,1,0.9950093,1
00381.mp4,Driving in Lane,PV cut-in,R3_SanityCheck,381,1,0.99543023,1
00383.mp4,Driving in Lane,PV cut-in,R3_SanityCheck,383,0,0.0010044895,1
00387.mp4,Driving in Lane,PV cut-in,R3_SanityCheck,387,1,0.99901426,1
00389.mp4,Leaving Lane,SV @ target lane,R3_SanityCheck,389,1,0.94862443,1
00401.mp4,Straight at intersection,Other vehicle on the adjacent lane,R3_SanityCheck,401,1,0.98777235,1
00405.mp4,Other,Add Comment,R3_SanityCheck,405,1,0.9959228,1
00414.mp4,Driving in Lane,PV cut-in,R3_SanityCheck,414,1,0.96131843,1
00415.mp4,Driving in Lane,PV cut-in,R3_SanityCheck,415,1,0.9991628,1
00420.mp4,Straight at intersection,Other vehicle approaching from front / opposite,R3_SanityCheck,420,0,0.37009132,1
00425.mp4,Driving in Lane,PV cut-in,R3_SanityCheck,425,1,0.97298425,1
00427.mp4,Other,Add Comment,R3_SanityCheck,427,1,0.9883173,1
00429.mp4,Other,Add Comment,R3_SanityCheck,429,1,0.91427255,1
00430.mp4,Driving in Lane,PV stopped,R3_SanityCheck,430,1,0.9977843,1
00431.mp4,Driving in Lane,PV braking / slower,R3_SanityCheck,431,1,0.9990553,1
00433.mp4,Turning at intersection,Other vehicle on the adjacent lane,R3_SanityCheck,433,1,0.9922125,1
00443.mp4,Leaving Lane,SV @ target lane,R3_SanityCheck,443,1,0.70203406,1
00453.mp4,Driving in Lane,PV braking / slower,R3_SanityCheck,453,1,0.99886715,1
00457.mp4,Straight at intersection,Other vehicle on the adjacent lane,R3_SanityCheck,457,0,0.39723298,1
00459.mp4,Driving in Lane,Other,R3_SanityCheck,459,1,0.94761634,1
00460.mp4,Other,Add Comment,R3_SanityCheck,460,1,0.9978175,1
00463.mp4,Driving in Lane,PV stopped,R3_SanityCheck,463,1,0.9133821,1
00466.mp4,Driving in Lane,Other,R3_SanityCheck,466,1,0.8802896,1
00467.mp4,Leaving Lane,SV @ target lane,R3_SanityCheck,467,1,0.9773653,1
00472.mp4,Straight at intersection,Other vehicle on the adjacent lane,R3_SanityCheck,472,1,0.9006484,1
00475.mp4,Driving in Lane,PV cut-in,R3_SanityCheck,475,1,0.99867046,1
00477.mp4,Driving in Lane,PV braking / slower,R3_SanityCheck,477,1,0.9987595,1
00478.mp4,Driving in Lane,Oncoming vehicle,R3_SanityCheck,478,1,0.9831602,1
00483.mp4,Straight at intersection,Other vehicle on the adjacent lane,R3_SanityCheck,483,1,0.9989429,1
00491.mp4,Driving in Lane,PV stopped,R3_SanityCheck,491,1,0.9932254,1
00497.mp4,Turning at intersection,Other vehicle on the adjacent lane,R3_SanityCheck,497,1,0.99811125,1
00502.mp4,Driving in Lane,PV braking / slower,R3_SanityCheck,502,1,0.99847156,1
00505.mp4,Leaving Lane,PV @ target lane,R3_SanityCheck,505,1,0.9958049,1
00510.mp4,Driving in Lane,PV cut-in,R3_SanityCheck,510,1,0.98705924,1
00515.mp4,Straight at intersection,Other vehicle on the adjacent lane,R3_SanityCheck,515,1,0.99420303,1
00516.mp4,Straight at intersection,Other vehicle on the adjacent lane,R3_SanityCheck,516,1,0.9976513,1
00519.mp4,Leaving Lane,SV @ target lane,R3_SanityCheck,519,1,0.99606735,1
00900.mp4,Driving in Lane,PV cut-in,R3_SanityCheck,900,1,0.99785465,1
00904.mp4,Leaving Lane,SV @ target lane,R3_SanityCheck,904,1,0.8116679,1
00911.mp4,Other,Add Comment,R3_SanityCheck,911,1,0.99555284,1
00913.mp4,Driving in Lane,PV cut-in,R3_SanityCheck,913,1,0.9766357,1
00917.mp4,Driving in Lane,PV braking / slower,R3_SanityCheck,917,1,0.9980586,1
00921.mp4,Turning at intersection,PV Slower / Braking / Stopped,R3_SanityCheck,921,1,0.9928046,1
00930.mp4,Driving in Lane,PV cut-in,R3_SanityCheck,930,1,0.9411015,1
00932.mp4,Straight at intersection,Other vehicle approaching from front / opposite,R3_SanityCheck,932,1,0.9983204,1
00952.mp4,Driving in Lane,PV cut-in,R3_SanityCheck,952,1,0.9984028,1
00953.mp4,Turning at intersection,Other vehicle on the adjacent lane,R3_SanityCheck,953,1,0.9747512,1
00954.mp4,Driving in Lane,PV braking / slower,R3_SanityCheck,954,1,0.99595743,1
00961.mp4,Driving in Lane,PV cut-in,R3_SanityCheck,961,1,0.70312905,1
00964.mp4,Driving in Lane,PV braking / slower,R3_SanityCheck,964,1,0.90960664,1
00965.mp4,Leaving Lane,SV @ target lane,R3_SanityCheck,965,1,0.983426,1
00970.mp4,Driving in Lane,PV braking / slower,R3_SanityCheck,970,1,0.9985128,1
00979.mp4,Driving in Lane,PV braking / slower,R3_SanityCheck,979,1,0.99824715,1
00988.mp4,Driving in Lane,PV cut-out,R3_SanityCheck,988,1,0.9755484,1
00991.mp4,Driving in Lane,PV cut-in,R3_SanityCheck,991,1,0.99357116,1
00998.mp4,Driving in Lane,PV cut-in,R3_SanityCheck,998,0,0.13020296,1
01000.mp4,Straight at intersection,Other vehicle approaching from side,R3_SanityCheck,1000,1,0.9927315,1
01003.mp4,Driving in Lane,PV braking / slower,R3_SanityCheck,1003,1,0.99783,1
01004.mp4,Driving in Lane,PV braking / slower,R3_SanityCheck,1004,1,0.9774556,1
01016.mp4,Driving in Lane,PV cut-in,R3_SanityCheck,1016,1,0.6865276,1
01020.mp4,Straight at intersection,Other vehicle on the adjacent lane,R3_SanityCheck,1020,1,0.7764409,1
01031.mp4,Leaving Lane,SV @ target lane,R3_SanityCheck,1031,1,0.8946274,1
01035.mp4,Driving in Lane,PV cut-in,R3_SanityCheck,1035,1,0.9865905,1
01036.mp4,Straight at intersection,PV Slower / Braking / Stopped,R3_SanityCheck,1036,1,0.9988638,1
01037.mp4,Turning at intersection,PV Slower / Braking / Stopped,R3_SanityCheck,1037,1,0.9985868,1
00354.mp4,Turning at intersection,Other vehicle approaching from side,R3_OneRound,354,1,0.9914528,1
00357.mp4,Driving in Lane,PV cut-in,R3_OneRound,357,1,0.95347846,1
00795.mp4,Driving in Lane,PV braking / slower,R3_OneRound,795,1,0.9979121,1
00995.mp4,Turning at intersection,PV Slower / Braking / Stopped,R3_OneRound,995,1,0.9948437,1
